server_id,school_name,school_code,module_name,unit_name,username,user_id,grade,enrollment_status,buddy_userids,total_lessons,lessons_visited,percentage_lessons_visited,total_activities,activities_visited,percentage_activities_visited,timestamp,state_code,date_created,school_server_code,days_server_wo_activity,tools_only_activity,module_only_activity,tool_with_module_activity,total_days_server_on,month_slot
mz17,GOVT. BETHLEHEM VENGTHLANG HIGH SCHOOL,2031017,[u'English Elementary'],ee-unit1-english-elementary,brown-panda-mz17,18041,,No,[],12,0,0.0,84,0,0.0,2018-11-15 20:05:00,mz,2018-11-15,2031017-mz17,2,0,4,0,6,Nov-Dec-2018
mz17,GOVT. BETHLEHEM VENGTHLANG HIGH SCHOOL,2031017,[u'English Elementary'],ee-unit1-english-elementary,brown-panda-mz17,18041,,No,[],12,0,0.0,84,0,0.0,2018-11-15 20:05:00,mz,2018-11-15,2031017-mz17,2,0,4,0,6,Nov-Dec-2018
mz17,GOVT. BETHLEHEM VENGTHLANG HIGH SCHOOL,2031017,[u'English Elementary'],ee-unit1-english-elementary,brown-python-mz17,18046,,Yes,[],12,2,16.666666666666664,84,25,29.761904761904763,2018-11-15 20:05:00,mz,2018-11-15,2031017-mz17,2,0,4,0,6,Nov-Dec-2018
mz17,GOVT. BETHLEHEM VENGTHLANG HIGH SCHOOL,2031017,[u'English Elementary'],ee-unit1-english-elementary,brown-python-mz17,18046,,Yes,[],12,2,16.666666666666664,84,25,29.761904761904763,2018-11-15 20:05:00,mz,2018-11-15,2031017-mz17,2,0,4,0,6,Nov-Dec-2018
mz17,GOVT. BETHLEHEM VENGTHLANG HIGH SCHOOL,2031017,[u'English Elementary'],ee-unit1-english-elementary,brown-rhino-mz17,18048,,Yes,[],12,2,16.666666666666664,84,25,29.761904761904763,2018-11-15 20:05:00,mz,2018-11-15,2031017-mz17,2,0,4,0,6,Nov-Dec-2018
mz17,GOVT. BETHLEHEM VENGTHLANG HIGH SCHOOL,2031017,[u'English Elementary'],ee-unit1-english-elementary,brown-rhino-mz17,18048,,Yes,[],12,2,16.666666666666664,84,25,29.761904761904763,2018-11-15 20:05:00,mz,2018-11-15,2031017-mz17,2,0,4,0,6,Nov-Dec-2018
mz17,GOVT. BETHLEHEM VENGTHLANG HIGH SCHOOL,2031017,[u'English Elementary'],ee-unit1-english-elementary,brown-rose-mz17,18049,,Yes,[18062],12,6,50.0,84,50,59.523809523809526,2018-11-15 20:05:00,mz,2018-11-15,2031017-mz17,2,0,4,0,6,Nov-Dec-2018
mz17,GOVT. BETHLEHEM VENGTHLANG HIGH SCHOOL,2031017,[u'English Elementary'],ee-unit1-english-elementary,brown-rose-mz17,18049,,Yes,[18062],12,6,50.0,84,50,59.523809523809526,2018-11-15 20:05:00,mz,2018-11-15,2031017-mz17,2,0,4,0,6,Nov-Dec-2018
mz17,GOVT. BETHLEHEM VENGTHLANG HIGH SCHOOL,2031017,[u'English Elementary'],ee-unit1-english-elementary,brown-snail-mz17,18055,,Yes,[],12,2,16.666666666666664,84,26,30.952380952380953,2018-11-15 20:05:00,mz,2018-11-15,2031017-mz17,2,0,4,0,6,Nov-Dec-2018
mz17,GOVT. BETHLEHEM VENGTHLANG HIGH SCHOOL,2031017,[u'English Elementary'],ee-unit1-english-elementary,brown-snail-mz17,18055,,Yes,[],12,2,16.666666666666664,84,26,30.952380952380953,2018-11-15 20:05:00,mz,2018-11-15,2031017-mz17,2,0,4,0,6,Nov-Dec-2018
mz17,GOVT. BETHLEHEM VENGTHLANG HIGH SCHOOL,2031017,[u'English Elementary'],ee-unit1-english-elementary,brown-tiger-mz17,18062,,Yes,[],12,1,8.333333333333332,84,18,21.428571428571427,2018-11-15 20:05:00,mz,2018-11-15,2031017-mz17,2,0,4,0,6,Nov-Dec-2018
mz17,GOVT. BETHLEHEM VENGTHLANG HIGH SCHOOL,2031017,[u'English Elementary'],ee-unit1-english-elementary,brown-tiger-mz17,18062,,Yes,[],12,1,8.333333333333332,84,18,21.428571428571427,2018-11-15 20:05:00,mz,2018-11-15,2031017-mz17,2,0,4,0,6,Nov-Dec-2018
mz17,GOVT. BETHLEHEM VENGTHLANG HIGH SCHOOL,2031017,[u'English Beginner'],eb-unit0-english-beginner,brown-owl-mz17,18040,,Yes,[],12,3,25.0,68,27,39.70588235294117,2018-11-20 20:11:00,mz,2018-11-20,2031017-mz17,2,0,4,0,6,Nov-Dec-2018
mz17,GOVT. BETHLEHEM VENGTHLANG HIGH SCHOOL,2031017,[u'English Beginner'],eb-unit0-english-beginner,brown-owl-mz17,18040,,Yes,[],12,3,25.0,68,27,39.70588235294117,2018-11-20 20:11:00,mz,2018-11-20,2031017-mz17,2,0,4,0,6,Nov-Dec-2018
mz17,GOVT. BETHLEHEM VENGTHLANG HIGH SCHOOL,2031017,[u'English Beginner'],eb-unit0-english-beginner,brown-panda-mz17,18041,,Yes,[],12,6,50.0,68,51,75.0,2018-11-20 20:11:00,mz,2018-11-20,2031017-mz17,2,0,4,0,6,Nov-Dec-2018
mz17,GOVT. BETHLEHEM VENGTHLANG HIGH SCHOOL,2031017,[u'English Beginner'],eb-unit0-english-beginner,brown-panda-mz17,18041,,Yes,[],12,6,50.0,68,51,75.0,2018-11-20 20:11:00,mz,2018-11-20,2031017-mz17,2,0,4,0,6,Nov-Dec-2018
mz17,GOVT. BETHLEHEM VENGTHLANG HIGH SCHOOL,2031017,[u'English Beginner'],eb-unit0-english-beginner,brown-parrot-mz17,18042,,Yes,[],12,3,25.0,68,28,41.17647058823529,2018-11-20 20:11:00,mz,2018-11-20,2031017-mz17,2,0,4,0,6,Nov-Dec-2018
mz17,GOVT. BETHLEHEM VENGTHLANG HIGH SCHOOL,2031017,[u'English Beginner'],eb-unit0-english-beginner,brown-parrot-mz17,18042,,Yes,[],12,3,25.0,68,28,41.17647058823529,2018-11-20 20:11:00,mz,2018-11-20,2031017-mz17,2,0,4,0,6,Nov-Dec-2018
mz17,GOVT. BETHLEHEM VENGTHLANG HIGH SCHOOL,2031017,[u'English Beginner'],eb-unit0-english-beginner,brown-peacock-mz17,18043,,Yes,[],12,3,25.0,68,27,39.70588235294117,2018-11-20 20:11:00,mz,2018-11-20,2031017-mz17,2,0,4,0,6,Nov-Dec-2018
mz17,GOVT. BETHLEHEM VENGTHLANG HIGH SCHOOL,2031017,[u'English Beginner'],eb-unit0-english-beginner,brown-peacock-mz17,18043,,Yes,[],12,3,25.0,68,27,39.70588235294117,2018-11-20 20:11:00,mz,2018-11-20,2031017-mz17,2,0,4,0,6,Nov-Dec-2018
mz17,GOVT. BETHLEHEM VENGTHLANG HIGH SCHOOL,2031017,[u'English Beginner'],eb-unit0-english-beginner,brown-pineapple-mz17,18045,,Yes,[],12,1,8.333333333333332,68,19,27.94117647058824,2018-11-20 20:11:00,mz,2018-11-20,2031017-mz17,2,0,4,0,6,Nov-Dec-2018
mz17,GOVT. BETHLEHEM VENGTHLANG HIGH SCHOOL,2031017,[u'English Beginner'],eb-unit0-english-beginner,brown-pineapple-mz17,18045,,Yes,[],12,1,8.333333333333332,68,19,27.94117647058824,2018-11-20 20:11:00,mz,2018-11-20,2031017-mz17,2,0,4,0,6,Nov-Dec-2018
mz17,GOVT. BETHLEHEM VENGTHLANG HIGH SCHOOL,2031017,[u'English Beginner'],eb-unit0-english-beginner,brown-python-mz17,18046,,Yes,[],12,2,16.666666666666664,68,22,32.35294117647059,2018-11-20 20:11:00,mz,2018-11-20,2031017-mz17,2,0,4,0,6,Nov-Dec-2018
mz17,GOVT. BETHLEHEM VENGTHLANG HIGH SCHOOL,2031017,[u'English Beginner'],eb-unit0-english-beginner,brown-python-mz17,18046,,Yes,[],12,2,16.666666666666664,68,22,32.35294117647059,2018-11-20 20:11:00,mz,2018-11-20,2031017-mz17,2,0,4,0,6,Nov-Dec-2018
mz17,GOVT. BETHLEHEM VENGTHLANG HIGH SCHOOL,2031017,[u'English Beginner'],eb-unit0-english-beginner,brown-rhino-mz17,18048,,Yes,[],12,2,16.666666666666664,68,23,33.82352941176471,2018-11-20 20:11:00,mz,2018-11-20,2031017-mz17,2,0,4,0,6,Nov-Dec-2018
mz17,GOVT. BETHLEHEM VENGTHLANG HIGH SCHOOL,2031017,[u'English Beginner'],eb-unit0-english-beginner,brown-rhino-mz17,18048,,Yes,[],12,2,16.666666666666664,68,23,33.82352941176471,2018-11-20 20:11:00,mz,2018-11-20,2031017-mz17,2,0,4,0,6,Nov-Dec-2018
mz17,GOVT. BETHLEHEM VENGTHLANG HIGH SCHOOL,2031017,[u'English Beginner'],eb-unit0-english-beginner,brown-scorpion-mz17,18050,,Yes,[],12,8,66.66666666666666,68,55,80.88235294117648,2018-11-20 20:11:00,mz,2018-11-20,2031017-mz17,2,0,4,0,6,Nov-Dec-2018
mz17,GOVT. BETHLEHEM VENGTHLANG HIGH SCHOOL,2031017,[u'English Beginner'],eb-unit0-english-beginner,brown-scorpion-mz17,18050,,Yes,[],12,8,66.66666666666666,68,55,80.88235294117648,2018-11-20 20:11:00,mz,2018-11-20,2031017-mz17,2,0,4,0,6,Nov-Dec-2018
mz17,GOVT. BETHLEHEM VENGTHLANG HIGH SCHOOL,2031017,[u'English Beginner'],eb-unit0-english-beginner,brown-shark-mz17,18053,,Yes,[],12,8,66.66666666666666,68,56,82.35294117647058,2018-11-20 20:11:00,mz,2018-11-20,2031017-mz17,2,0,4,0,6,Nov-Dec-2018
mz17,GOVT. BETHLEHEM VENGTHLANG HIGH SCHOOL,2031017,[u'English Beginner'],eb-unit0-english-beginner,brown-shark-mz17,18053,,Yes,[],12,8,66.66666666666666,68,56,82.35294117647058,2018-11-20 20:11:00,mz,2018-11-20,2031017-mz17,2,0,4,0,6,Nov-Dec-2018
mz17,GOVT. BETHLEHEM VENGTHLANG HIGH SCHOOL,2031017,[u'English Beginner'],eb-unit0-english-beginner,brown-sheep-mz17,18054,,Yes,[],12,2,16.666666666666664,68,21,30.882352941176467,2018-11-20 20:11:00,mz,2018-11-20,2031017-mz17,2,0,4,0,6,Nov-Dec-2018
mz17,GOVT. BETHLEHEM VENGTHLANG HIGH SCHOOL,2031017,[u'English Beginner'],eb-unit0-english-beginner,brown-sheep-mz17,18054,,Yes,[],12,2,16.666666666666664,68,21,30.882352941176467,2018-11-20 20:11:00,mz,2018-11-20,2031017-mz17,2,0,4,0,6,Nov-Dec-2018
mz17,GOVT. BETHLEHEM VENGTHLANG HIGH SCHOOL,2031017,[u'English Beginner'],eb-unit0-english-beginner,brown-sparrow-mz17,18056,,Yes,[],12,2,16.666666666666664,68,28,41.17647058823529,2018-11-20 20:11:00,mz,2018-11-20,2031017-mz17,2,0,4,0,6,Nov-Dec-2018
mz17,GOVT. BETHLEHEM VENGTHLANG HIGH SCHOOL,2031017,[u'English Beginner'],eb-unit0-english-beginner,brown-sparrow-mz17,18056,,Yes,[],12,2,16.666666666666664,68,28,41.17647058823529,2018-11-20 20:11:00,mz,2018-11-20,2031017-mz17,2,0,4,0,6,Nov-Dec-2018
mz17,GOVT. BETHLEHEM VENGTHLANG HIGH SCHOOL,2031017,[u'English Beginner'],eb-unit0-english-beginner,brown-strawberry-mz17,18059,,Yes,[],12,3,25.0,68,20,29.411764705882355,2018-11-20 20:11:00,mz,2018-11-20,2031017-mz17,2,0,4,0,6,Nov-Dec-2018
mz17,GOVT. BETHLEHEM VENGTHLANG HIGH SCHOOL,2031017,[u'English Beginner'],eb-unit0-english-beginner,brown-strawberry-mz17,18059,,Yes,[],12,3,25.0,68,20,29.411764705882355,2018-11-20 20:11:00,mz,2018-11-20,2031017-mz17,2,0,4,0,6,Nov-Dec-2018
mz17,GOVT. BETHLEHEM VENGTHLANG HIGH SCHOOL,2031017,[u'Atomic Structure'],atom-in-chemistry,brown-beatle-mz17,18000,,Yes,[],9,0,0.0,49,1,2.0408163265306123,2018-11-21 20:16:00,mz,2018-11-21,2031017-mz17,2,0,4,0,6,Nov-Dec-2018
mz17,GOVT. BETHLEHEM VENGTHLANG HIGH SCHOOL,2031017,[u'Atomic Structure'],atom-in-chemistry,brown-beatle-mz17,18000,,Yes,[],9,0,0.0,49,1,2.0408163265306123,2018-11-21 20:16:00,mz,2018-11-21,2031017-mz17,2,0,4,0,6,Nov-Dec-2018
mz17,GOVT. BETHLEHEM VENGTHLANG HIGH SCHOOL,2031017,[u'Atomic Structure'],atom-in-chemistry,brown-camel-mz17,18004,,Yes,[],9,0,0.0,49,4,8.16326530612245,2018-11-13 19:16:00,mz,2018-11-13,2031017-mz17,2,0,4,0,6,Nov-Dec-2018
mz17,GOVT. BETHLEHEM VENGTHLANG HIGH SCHOOL,2031017,[u'Atomic Structure'],atom-in-chemistry,brown-camel-mz17,18004,,Yes,[],9,0,0.0,49,4,8.16326530612245,2018-11-13 19:16:00,mz,2018-11-13,2031017-mz17,2,0,4,0,6,Nov-Dec-2018
mz17,GOVT. BETHLEHEM VENGTHLANG HIGH SCHOOL,2031017,[u'Atomic Structure'],atom-in-chemistry,brown-camel-mz17,18004,,Yes,[18019],9,0,0.0,49,5,10.20408163265306,2018-11-21 20:16:00,mz,2018-11-21,2031017-mz17,2,0,4,0,6,Nov-Dec-2018
mz17,GOVT. BETHLEHEM VENGTHLANG HIGH SCHOOL,2031017,[u'Atomic Structure'],atom-in-chemistry,brown-camel-mz17,18004,,Yes,[18019],9,0,0.0,49,5,10.20408163265306,2018-11-21 20:16:00,mz,2018-11-21,2031017-mz17,2,0,4,0,6,Nov-Dec-2018
mz17,GOVT. BETHLEHEM VENGTHLANG HIGH SCHOOL,2031017,[u'Atomic Structure'],atom-in-chemistry,brown-cat-mz17,18005,,Yes,[],9,0,0.0,49,4,8.16326530612245,2018-11-13 19:16:00,mz,2018-11-13,2031017-mz17,2,0,4,0,6,Nov-Dec-2018
mz17,GOVT. BETHLEHEM VENGTHLANG HIGH SCHOOL,2031017,[u'Atomic Structure'],atom-in-chemistry,brown-cat-mz17,18005,,Yes,[],9,0,0.0,49,4,8.16326530612245,2018-11-13 19:16:00,mz,2018-11-13,2031017-mz17,2,0,4,0,6,Nov-Dec-2018
mz17,GOVT. BETHLEHEM VENGTHLANG HIGH SCHOOL,2031017,[u'Atomic Structure'],atom-in-chemistry,brown-cheetah-mz17,18006,,Yes,[],9,0,0.0,49,1,2.0408163265306123,2018-11-21 20:16:00,mz,2018-11-21,2031017-mz17,2,0,4,0,6,Nov-Dec-2018
mz17,GOVT. BETHLEHEM VENGTHLANG HIGH SCHOOL,2031017,[u'Atomic Structure'],atom-in-chemistry,brown-cheetah-mz17,18006,,Yes,[],9,0,0.0,49,1,2.0408163265306123,2018-11-21 20:16:00,mz,2018-11-21,2031017-mz17,2,0,4,0,6,Nov-Dec-2018
mz17,GOVT. BETHLEHEM VENGTHLANG HIGH SCHOOL,2031017,[u'Atomic Structure'],atom-in-chemistry,brown-deer-mz17,18009,,Yes,[],9,0,0.0,49,1,2.0408163265306123,2018-11-21 20:16:00,mz,2018-11-21,2031017-mz17,2,0,4,0,6,Nov-Dec-2018
mz17,GOVT. BETHLEHEM VENGTHLANG HIGH SCHOOL,2031017,[u'Atomic Structure'],atom-in-chemistry,brown-deer-mz17,18009,,Yes,[],9,0,0.0,49,1,2.0408163265306123,2018-11-21 20:16:00,mz,2018-11-21,2031017-mz17,2,0,4,0,6,Nov-Dec-2018
mz17,GOVT. BETHLEHEM VENGTHLANG HIGH SCHOOL,2031017,[u'Atomic Structure'],atom-in-chemistry,brown-dog-mz17,18010,,Yes,[],9,0,0.0,49,4,8.16326530612245,2018-11-13 19:16:00,mz,2018-11-13,2031017-mz17,2,0,4,0,6,Nov-Dec-2018
mz17,GOVT. BETHLEHEM VENGTHLANG HIGH SCHOOL,2031017,[u'Atomic Structure'],atom-in-chemistry,brown-dog-mz17,18010,,Yes,[],9,0,0.0,49,4,8.16326530612245,2018-11-13 19:16:00,mz,2018-11-13,2031017-mz17,2,0,4,0,6,Nov-Dec-2018
mz17,GOVT. BETHLEHEM VENGTHLANG HIGH SCHOOL,2031017,[u'Atomic Structure'],atom-in-chemistry,brown-dragon-mz17,18013,,Yes,[],9,0,0.0,49,4,8.16326530612245,2018-11-13 19:16:00,mz,2018-11-13,2031017-mz17,2,0,4,0,6,Nov-Dec-2018
mz17,GOVT. BETHLEHEM VENGTHLANG HIGH SCHOOL,2031017,[u'Atomic Structure'],atom-in-chemistry,brown-dragon-mz17,18013,,Yes,[],9,0,0.0,49,4,8.16326530612245,2018-11-13 19:16:00,mz,2018-11-13,2031017-mz17,2,0,4,0,6,Nov-Dec-2018
mz17,GOVT. BETHLEHEM VENGTHLANG HIGH SCHOOL,2031017,[u'Atomic Structure'],atom-in-chemistry,brown-frog-mz17,18019,,Yes,[],9,0,0.0,49,4,8.16326530612245,2018-11-21 20:16:00,mz,2018-11-21,2031017-mz17,2,0,4,0,6,Nov-Dec-2018
mz17,GOVT. BETHLEHEM VENGTHLANG HIGH SCHOOL,2031017,[u'Atomic Structure'],atom-in-chemistry,brown-frog-mz17,18019,,Yes,[],9,0,0.0,49,4,8.16326530612245,2018-11-21 20:16:00,mz,2018-11-21,2031017-mz17,2,0,4,0,6,Nov-Dec-2018
mz17,GOVT. BETHLEHEM VENGTHLANG HIGH SCHOOL,2031017,[u'Atomic Structure'],atom-in-chemistry,brown-owl-mz17,18040,,Yes,[],9,0,0.0,49,1,2.0408163265306123,2018-11-20 20:16:00,mz,2018-11-20,2031017-mz17,2,0,4,0,6,Nov-Dec-2018
mz17,GOVT. BETHLEHEM VENGTHLANG HIGH SCHOOL,2031017,[u'Atomic Structure'],atom-in-chemistry,brown-owl-mz17,18040,,Yes,[],9,0,0.0,49,1,2.0408163265306123,2018-11-20 20:16:00,mz,2018-11-20,2031017-mz17,2,0,4,0,6,Nov-Dec-2018
mz17,GOVT. BETHLEHEM VENGTHLANG HIGH SCHOOL,2031017,[u'Atomic Structure'],atom-in-chemistry,brown-panda-mz17,18041,,Yes,[],9,0,0.0,49,1,2.0408163265306123,2018-11-20 20:16:00,mz,2018-11-20,2031017-mz17,2,0,4,0,6,Nov-Dec-2018
mz17,GOVT. BETHLEHEM VENGTHLANG HIGH SCHOOL,2031017,[u'Atomic Structure'],atom-in-chemistry,brown-panda-mz17,18041,,Yes,[],9,0,0.0,49,1,2.0408163265306123,2018-11-20 20:16:00,mz,2018-11-20,2031017-mz17,2,0,4,0,6,Nov-Dec-2018
mz17,GOVT. BETHLEHEM VENGTHLANG HIGH SCHOOL,2031017,[u'Atomic Structure'],atom-in-chemistry,brown-parrot-mz17,18042,,Yes,[],9,0,0.0,49,1,2.0408163265306123,2018-11-20 20:16:00,mz,2018-11-20,2031017-mz17,2,0,4,0,6,Nov-Dec-2018
mz17,GOVT. BETHLEHEM VENGTHLANG HIGH SCHOOL,2031017,[u'Atomic Structure'],atom-in-chemistry,brown-parrot-mz17,18042,,Yes,[],9,0,0.0,49,1,2.0408163265306123,2018-11-20 20:16:00,mz,2018-11-20,2031017-mz17,2,0,4,0,6,Nov-Dec-2018
mz17,GOVT. BETHLEHEM VENGTHLANG HIGH SCHOOL,2031017,[u'Atomic Structure'],atom-in-chemistry,brown-peacock-mz17,18043,,Yes,[],9,0,0.0,49,1,2.0408163265306123,2018-11-20 20:16:00,mz,2018-11-20,2031017-mz17,2,0,4,0,6,Nov-Dec-2018
mz17,GOVT. BETHLEHEM VENGTHLANG HIGH SCHOOL,2031017,[u'Atomic Structure'],atom-in-chemistry,brown-peacock-mz17,18043,,Yes,[],9,0,0.0,49,1,2.0408163265306123,2018-11-20 20:16:00,mz,2018-11-20,2031017-mz17,2,0,4,0,6,Nov-Dec-2018
mz17,GOVT. BETHLEHEM VENGTHLANG HIGH SCHOOL,2031017,[u'Atomic Structure'],atom-in-chemistry,brown-pineapple-mz17,18045,,Yes,[],9,0,0.0,49,2,4.081632653061225,2018-11-20 20:16:00,mz,2018-11-20,2031017-mz17,2,0,4,0,6,Nov-Dec-2018
mz17,GOVT. BETHLEHEM VENGTHLANG HIGH SCHOOL,2031017,[u'Atomic Structure'],atom-in-chemistry,brown-pineapple-mz17,18045,,Yes,[],9,0,0.0,49,2,4.081632653061225,2018-11-20 20:16:00,mz,2018-11-20,2031017-mz17,2,0,4,0,6,Nov-Dec-2018
mz17,GOVT. BETHLEHEM VENGTHLANG HIGH SCHOOL,2031017,[u'Atomic Structure'],atom-in-chemistry,brown-python-mz17,18046,,Yes,[],9,0,0.0,49,1,2.0408163265306123,2018-11-20 20:16:00,mz,2018-11-20,2031017-mz17,2,0,4,0,6,Nov-Dec-2018
mz17,GOVT. BETHLEHEM VENGTHLANG HIGH SCHOOL,2031017,[u'Atomic Structure'],atom-in-chemistry,brown-python-mz17,18046,,Yes,[],9,0,0.0,49,1,2.0408163265306123,2018-11-20 20:16:00,mz,2018-11-20,2031017-mz17,2,0,4,0,6,Nov-Dec-2018
mz17,GOVT. BETHLEHEM VENGTHLANG HIGH SCHOOL,2031017,[u'Atomic Structure'],atom-in-chemistry,brown-rabbit-mz17,18047,,Yes,[],9,0,0.0,49,1,2.0408163265306123,2018-11-20 20:16:00,mz,2018-11-20,2031017-mz17,2,0,4,0,6,Nov-Dec-2018
mz17,GOVT. BETHLEHEM VENGTHLANG HIGH SCHOOL,2031017,[u'Atomic Structure'],atom-in-chemistry,brown-rabbit-mz17,18047,,Yes,[],9,0,0.0,49,1,2.0408163265306123,2018-11-20 20:16:00,mz,2018-11-20,2031017-mz17,2,0,4,0,6,Nov-Dec-2018
mz17,GOVT. BETHLEHEM VENGTHLANG HIGH SCHOOL,2031017,[u'Atomic Structure'],atom-in-chemistry,brown-rhino-mz17,18048,,Yes,[],9,0,0.0,49,1,2.0408163265306123,2018-11-20 20:16:00,mz,2018-11-20,2031017-mz17,2,0,4,0,6,Nov-Dec-2018
mz17,GOVT. BETHLEHEM VENGTHLANG HIGH SCHOOL,2031017,[u'Atomic Structure'],atom-in-chemistry,brown-rhino-mz17,18048,,Yes,[],9,0,0.0,49,1,2.0408163265306123,2018-11-20 20:16:00,mz,2018-11-20,2031017-mz17,2,0,4,0,6,Nov-Dec-2018
mz17,GOVT. BETHLEHEM VENGTHLANG HIGH SCHOOL,2031017,[u'Atomic Structure'],atom-in-chemistry,brown-rose-mz17,18049,,Yes,[],9,0,0.0,49,1,2.0408163265306123,2018-11-20 20:16:00,mz,2018-11-20,2031017-mz17,2,0,4,0,6,Nov-Dec-2018
mz17,GOVT. BETHLEHEM VENGTHLANG HIGH SCHOOL,2031017,[u'Atomic Structure'],atom-in-chemistry,brown-rose-mz17,18049,,Yes,[],9,0,0.0,49,1,2.0408163265306123,2018-11-20 20:16:00,mz,2018-11-20,2031017-mz17,2,0,4,0,6,Nov-Dec-2018
mz17,GOVT. BETHLEHEM VENGTHLANG HIGH SCHOOL,2031017,[u'Atomic Structure'],atom-in-chemistry,brown-seahorse-mz17,18051,,Yes,[],9,0,0.0,49,1,2.0408163265306123,2018-11-20 20:16:00,mz,2018-11-20,2031017-mz17,2,0,4,0,6,Nov-Dec-2018
mz17,GOVT. BETHLEHEM VENGTHLANG HIGH SCHOOL,2031017,[u'Atomic Structure'],atom-in-chemistry,brown-seahorse-mz17,18051,,Yes,[],9,0,0.0,49,1,2.0408163265306123,2018-11-20 20:16:00,mz,2018-11-20,2031017-mz17,2,0,4,0,6,Nov-Dec-2018
mz17,GOVT. BETHLEHEM VENGTHLANG HIGH SCHOOL,2031017,[u'Atomic Structure'],atom-in-chemistry,brown-shark-mz17,18053,,Yes,[],9,0,0.0,49,2,4.081632653061225,2018-11-20 20:16:00,mz,2018-11-20,2031017-mz17,2,0,4,0,6,Nov-Dec-2018
mz17,GOVT. BETHLEHEM VENGTHLANG HIGH SCHOOL,2031017,[u'Atomic Structure'],atom-in-chemistry,brown-shark-mz17,18053,,Yes,[],9,0,0.0,49,2,4.081632653061225,2018-11-20 20:16:00,mz,2018-11-20,2031017-mz17,2,0,4,0,6,Nov-Dec-2018
mz17,GOVT. BETHLEHEM VENGTHLANG HIGH SCHOOL,2031017,[u'Atomic Structure'],atom-in-chemistry,brown-sheep-mz17,18054,,Yes,[],9,0,0.0,49,2,4.081632653061225,2018-11-20 20:16:00,mz,2018-11-20,2031017-mz17,2,0,4,0,6,Nov-Dec-2018
mz17,GOVT. BETHLEHEM VENGTHLANG HIGH SCHOOL,2031017,[u'Atomic Structure'],atom-in-chemistry,brown-sheep-mz17,18054,,Yes,[],9,0,0.0,49,2,4.081632653061225,2018-11-20 20:16:00,mz,2018-11-20,2031017-mz17,2,0,4,0,6,Nov-Dec-2018
mz17,GOVT. BETHLEHEM VENGTHLANG HIGH SCHOOL,2031017,[u'Atomic Structure'],atom-in-chemistry,brown-snail-mz17,18055,,Yes,[],9,0,0.0,49,1,2.0408163265306123,2018-11-20 20:16:00,mz,2018-11-20,2031017-mz17,2,0,4,0,6,Nov-Dec-2018
mz17,GOVT. BETHLEHEM VENGTHLANG HIGH SCHOOL,2031017,[u'Atomic Structure'],atom-in-chemistry,brown-snail-mz17,18055,,Yes,[],9,0,0.0,49,1,2.0408163265306123,2018-11-20 20:16:00,mz,2018-11-20,2031017-mz17,2,0,4,0,6,Nov-Dec-2018
mz17,GOVT. BETHLEHEM VENGTHLANG HIGH SCHOOL,2031017,[u'Atomic Structure'],atom-in-chemistry,brown-sparrow-mz17,18056,,Yes,[],9,0,0.0,49,2,4.081632653061225,2018-11-20 20:16:00,mz,2018-11-20,2031017-mz17,2,0,4,0,6,Nov-Dec-2018
mz17,GOVT. BETHLEHEM VENGTHLANG HIGH SCHOOL,2031017,[u'Atomic Structure'],atom-in-chemistry,brown-sparrow-mz17,18056,,Yes,[],9,0,0.0,49,2,4.081632653061225,2018-11-20 20:16:00,mz,2018-11-20,2031017-mz17,2,0,4,0,6,Nov-Dec-2018
mz17,GOVT. BETHLEHEM VENGTHLANG HIGH SCHOOL,2031017,[u'Atomic Structure'],atom-in-chemistry,brown-squirrel-mz17,18058,,Yes,[],9,0,0.0,49,1,2.0408163265306123,2018-11-20 20:16:00,mz,2018-11-20,2031017-mz17,2,0,4,0,6,Nov-Dec-2018
mz17,GOVT. BETHLEHEM VENGTHLANG HIGH SCHOOL,2031017,[u'Atomic Structure'],atom-in-chemistry,brown-squirrel-mz17,18058,,Yes,[],9,0,0.0,49,1,2.0408163265306123,2018-11-20 20:16:00,mz,2018-11-20,2031017-mz17,2,0,4,0,6,Nov-Dec-2018
mz17,GOVT. BETHLEHEM VENGTHLANG HIGH SCHOOL,2031017,[u'Atomic Structure'],atom-in-chemistry,brown-strawberry-mz17,18059,,Yes,[],9,0,0.0,49,1,2.0408163265306123,2018-11-20 20:16:00,mz,2018-11-20,2031017-mz17,2,0,4,0,6,Nov-Dec-2018
mz17,GOVT. BETHLEHEM VENGTHLANG HIGH SCHOOL,2031017,[u'Atomic Structure'],atom-in-chemistry,brown-strawberry-mz17,18059,,Yes,[],9,0,0.0,49,1,2.0408163265306123,2018-11-20 20:16:00,mz,2018-11-20,2031017-mz17,2,0,4,0,6,Nov-Dec-2018
mz17,GOVT. BETHLEHEM VENGTHLANG HIGH SCHOOL,2031017,[u'Atomic Structure'],atom-in-chemistry,brown-tiger-mz17,18062,,Yes,[],9,0,0.0,49,1,2.0408163265306123,2018-11-20 20:16:00,mz,2018-11-20,2031017-mz17,2,0,4,0,6,Nov-Dec-2018
mz17,GOVT. BETHLEHEM VENGTHLANG HIGH SCHOOL,2031017,[u'Atomic Structure'],atom-in-chemistry,brown-tiger-mz17,18062,,Yes,[],9,0,0.0,49,1,2.0408163265306123,2018-11-20 20:16:00,mz,2018-11-20,2031017-mz17,2,0,4,0,6,Nov-Dec-2018
mz17,GOVT. BETHLEHEM VENGTHLANG HIGH SCHOOL,2031017,[u'Atomic Structure'],atom-in-chemistry,brown-turtle-mz17,18063,,Yes,[],9,0,0.0,49,1,2.0408163265306123,2018-11-20 20:16:00,mz,2018-11-20,2031017-mz17,2,0,4,0,6,Nov-Dec-2018
mz17,GOVT. BETHLEHEM VENGTHLANG HIGH SCHOOL,2031017,[u'Atomic Structure'],atom-in-chemistry,brown-turtle-mz17,18063,,Yes,[],9,0,0.0,49,1,2.0408163265306123,2018-11-20 20:16:00,mz,2018-11-20,2031017-mz17,2,0,4,0,6,Nov-Dec-2018
mz17,GOVT. BETHLEHEM VENGTHLANG HIGH SCHOOL,2031017,[u'Atomic Structure'],atom-in-chemistry,brown-whale-mz17,18064,,Yes,[],9,0,0.0,49,1,2.0408163265306123,2018-11-20 20:16:00,mz,2018-11-20,2031017-mz17,2,0,4,0,6,Nov-Dec-2018
mz17,GOVT. BETHLEHEM VENGTHLANG HIGH SCHOOL,2031017,[u'Atomic Structure'],atom-in-chemistry,brown-whale-mz17,18064,,Yes,[],9,0,0.0,49,1,2.0408163265306123,2018-11-20 20:16:00,mz,2018-11-20,2031017-mz17,2,0,4,0,6,Nov-Dec-2018
mz17,GOVT. BETHLEHEM VENGTHLANG HIGH SCHOOL,2031017,[u'English Beginner'],eb-unit1-english-beginner,brown-panda-mz17,18041,,No,[],13,0,0.0,128,0,0.0,2018-11-15 20:09:00,mz,2018-11-15,2031017-mz17,2,0,4,0,6,Nov-Dec-2018
mz17,GOVT. BETHLEHEM VENGTHLANG HIGH SCHOOL,2031017,[u'English Beginner'],eb-unit1-english-beginner,brown-panda-mz17,18041,,No,[],13,0,0.0,128,0,0.0,2018-11-15 20:09:00,mz,2018-11-15,2031017-mz17,2,0,4,0,6,Nov-Dec-2018
mz17,GOVT. BETHLEHEM VENGTHLANG HIGH SCHOOL,2031017,[u'English Beginner'],eb-unit1-english-beginner,brown-piegon-mz17,18044,,Yes,[],13,3,23.07692307692308,128,36,28.125,2018-11-15 20:09:00,mz,2018-11-15,2031017-mz17,2,0,4,0,6,Nov-Dec-2018
mz17,GOVT. BETHLEHEM VENGTHLANG HIGH SCHOOL,2031017,[u'English Beginner'],eb-unit1-english-beginner,brown-piegon-mz17,18044,,Yes,[],13,3,23.07692307692308,128,36,28.125,2018-11-15 20:09:00,mz,2018-11-15,2031017-mz17,2,0,4,0,6,Nov-Dec-2018
mz17,GOVT. BETHLEHEM VENGTHLANG HIGH SCHOOL,2031017,[u'English Beginner'],eb-unit1-english-beginner,brown-whale-mz17,18064,,Yes,[],13,3,23.07692307692308,128,36,28.125,2018-11-15 20:09:00,mz,2018-11-15,2031017-mz17,2,0,4,0,6,Nov-Dec-2018
mz17,GOVT. BETHLEHEM VENGTHLANG HIGH SCHOOL,2031017,[u'English Beginner'],eb-unit1-english-beginner,brown-whale-mz17,18064,,Yes,[],13,3,23.07692307692308,128,36,28.125,2018-11-15 20:09:00,mz,2018-11-15,2031017-mz17,2,0,4,0,6,Nov-Dec-2018
mz29,GOVT. MAUBAWK HIGH SCHOOL,2031029,[u'Sound'],sound,blue-ant-mz29,30523,,Yes,[],10,1,10.0,56,4,7.142857142857142,2018-11-20 10:20:00,mz,2018-11-20,2031029-mz29,0,0,1,1,2,Nov-Dec-2018
mz29,GOVT. MAUBAWK HIGH SCHOOL,2031029,[u'Sound'],sound,blue-bat-mz29,30526,,Yes,[],10,3,30.0,56,9,16.071428571428573,2018-11-20 10:20:00,mz,2018-11-20,2031029-mz29,0,0,1,1,2,Nov-Dec-2018
mz29,GOVT. MAUBAWK HIGH SCHOOL,2031029,[u'Sound'],sound,blue-bulbul-mz29,30529,,Yes,[],10,1,10.0,56,5,8.928571428571429,2018-11-20 10:20:00,mz,2018-11-20,2031029-mz29,0,0,1,1,2,Nov-Dec-2018
mz29,GOVT. MAUBAWK HIGH SCHOOL,2031029,[u'Understanding Motion'],um-physics-motion,blue-bat-mz29,30526,,Yes,[],12,2,16.666666666666664,69,19,27.53623188405797,2018-11-13 11:05:00,mz,2018-11-13,2031029-mz29,0,0,1,1,2,Nov-Dec-2018
mz29,GOVT. MAUBAWK HIGH SCHOOL,2031029,[u'Understanding Motion'],um-physics-motion,blue-butterfly-mz29,30531,,Yes,[],12,7,58.33333333333334,69,28,40.57971014492754,2018-11-13 11:05:00,mz,2018-11-13,2031029-mz29,0,0,1,1,2,Nov-Dec-2018
mz29,GOVT. MAUBAWK HIGH SCHOOL,2031029,[u'Pre-CLIx Survey'],pre-clix-survey,blue-cat-mz29,30533,,Yes,[],1,0,0.0,20,3,15.0,2018-11-13 11:15:00,mz,2018-11-13,2031029-mz29,0,0,1,1,2,Nov-Dec-2018
mz29,GOVT. MAUBAWK HIGH SCHOOL,2031029,[u'Pre-CLIx Survey'],pre-clix-survey,blue-cobra-mz29,30535,,Yes,[],1,0,0.0,20,1,5.0,2018-11-13 11:15:00,mz,2018-11-13,2031029-mz29,0,0,1,1,2,Nov-Dec-2018
mz29,GOVT. MAUBAWK HIGH SCHOOL,2031029,[u'Proportional Reasoning'],pr-unit4-applications,blue-bulbul-mz29,30529,,No,[],6,0,0.0,38,0,0.0,2018-11-13 11:14:00,mz,2018-11-13,2031029-mz29,0,0,1,1,2,Nov-Dec-2018
mz29,GOVT. MAUBAWK HIGH SCHOOL,2031029,[u'Linear Equations'],le-unit2-exploring-telephone-tariffs,blue-cobra-mz29,30535,,Yes,[],1,0,0.0,7,4,57.14285714285714,2018-11-13 11:19:00,mz,2018-11-13,2031029-mz29,0,0,1,1,2,Nov-Dec-2018
mz29,GOVT. MAUBAWK HIGH SCHOOL,2031029,[u'Geometric Reasoning Part I'],gr1-unit3-classifying-defining-shapes,blue-camel-mz29,30532,,Yes,[],8,0,0.0,43,1,2.3255813953488373,2018-11-13 11:14:00,mz,2018-11-13,2031029-mz29,0,0,1,1,2,Nov-Dec-2018
mz29,GOVT. MAUBAWK HIGH SCHOOL,2031029,[u'Geometric Reasoning Part I'],gr1-unit3-classifying-defining-shapes,blue-cobra-mz29,30535,,Yes,[],8,1,12.5,43,3,6.9767441860465125,2018-11-13 11:14:00,mz,2018-11-13,2031029-mz29,0,0,1,1,2,Nov-Dec-2018
mz29,GOVT. MAUBAWK HIGH SCHOOL,2031029,[u'English Elementary'],ee-unit1-english-elementary,blue-ant-mz29,30523,,Yes,[30536],12,0,0.0,84,2,2.380952380952381,2018-11-13 11:07:00,mz,2018-11-13,2031029-mz29,0,0,1,1,2,Nov-Dec-2018
mz29,GOVT. MAUBAWK HIGH SCHOOL,2031029,[u'English Elementary'],ee-unit1-english-elementary,blue-banana-mz29,30525,,Yes,[],12,0,0.0,84,3,3.571428571428571,2018-11-13 11:07:00,mz,2018-11-13,2031029-mz29,0,0,1,1,2,Nov-Dec-2018
mz29,GOVT. MAUBAWK HIGH SCHOOL,2031029,[u'English Elementary'],ee-unit1-english-elementary,blue-bat-mz29,30526,,Yes,[30523],12,0,0.0,84,12,14.285714285714285,2018-11-20 11:07:00,mz,2018-11-20,2031029-mz29,0,0,1,1,2,Nov-Dec-2018
mz29,GOVT. MAUBAWK HIGH SCHOOL,2031029,[u'English Elementary'],ee-unit1-english-elementary,blue-bear-mz29,30527,,Yes,[],12,0,0.0,84,3,3.571428571428571,2018-11-13 11:07:00,mz,2018-11-13,2031029-mz29,0,0,1,1,2,Nov-Dec-2018
mz29,GOVT. MAUBAWK HIGH SCHOOL,2031029,[u'English Elementary'],ee-unit1-english-elementary,blue-bulbul-mz29,30529,,Yes,[],12,0,0.0,84,2,2.380952380952381,2018-11-13 11:07:00,mz,2018-11-13,2031029-mz29,0,0,1,1,2,Nov-Dec-2018
mz29,GOVT. MAUBAWK HIGH SCHOOL,2031029,[u'English Elementary'],ee-unit1-english-elementary,blue-butterfly-mz29,30531,,No,[],12,0,0.0,84,0,0.0,2018-11-13 11:07:00,mz,2018-11-13,2031029-mz29,0,0,1,1,2,Nov-Dec-2018
mz29,GOVT. MAUBAWK HIGH SCHOOL,2031029,[u'English Elementary'],ee-unit1-english-elementary,blue-butterfly-mz29,30531,,Yes,[],12,0,0.0,84,1,1.1904761904761905,2018-11-20 11:07:00,mz,2018-11-20,2031029-mz29,0,0,1,1,2,Nov-Dec-2018
mz29,GOVT. MAUBAWK HIGH SCHOOL,2031029,[u'English Elementary'],ee-unit1-english-elementary,blue-cat-mz29,30533,,Yes,[],12,0,0.0,84,6,7.142857142857142,2018-11-13 11:07:00,mz,2018-11-13,2031029-mz29,0,0,1,1,2,Nov-Dec-2018
mz29,GOVT. MAUBAWK HIGH SCHOOL,2031029,[u'English Elementary'],ee-unit1-english-elementary,blue-crab-mz29,30536,,No,[],12,0,0.0,84,0,0.0,2018-11-13 11:07:00,mz,2018-11-13,2031029-mz29,0,0,1,1,2,Nov-Dec-2018
mz29,GOVT. MAUBAWK HIGH SCHOOL,2031029,[u'English Elementary'],ee-unit1-english-elementary,blue-lion-mz29,30560,,Yes,"[30525, 30527]",12,0,0.0,84,3,3.571428571428571,2018-11-13 11:07:00,mz,2018-11-13,2031029-mz29,0,0,1,1,2,Nov-Dec-2018
mz29,GOVT. MAUBAWK HIGH SCHOOL,2031029,[u'English Beginner'],eb-unit1-english-beginner,black-rose-mz29,30505,,Yes,[],13,0,0.0,128,9,7.03125,2018-11-13 11:09:00,mz,2018-11-13,2031029-mz29,0,0,1,1,2,Nov-Dec-2018
mz29,GOVT. MAUBAWK HIGH SCHOOL,2031029,[u'English Beginner'],eb-unit1-english-beginner,blue-bat-mz29,30526,,Yes,[],13,0,0.0,128,5,3.90625,2018-11-13 11:09:00,mz,2018-11-13,2031029-mz29,0,0,1,1,2,Nov-Dec-2018
mz29,GOVT. MAUBAWK HIGH SCHOOL,2031029,[u'English Beginner'],eb-unit1-english-beginner,blue-beatle-mz29,30528,,Yes,[30505],13,0,0.0,128,9,7.03125,2018-11-13 11:09:00,mz,2018-11-13,2031029-mz29,0,0,1,1,2,Nov-Dec-2018
mz29,GOVT. MAUBAWK HIGH SCHOOL,2031029,[u'English Beginner'],eb-unit1-english-beginner,blue-butterfly-mz29,30531,,Yes,[],13,0,0.0,128,8,6.25,2018-11-13 11:09:00,mz,2018-11-13,2031029-mz29,0,0,1,1,2,Nov-Dec-2018
mz29,GOVT. MAUBAWK HIGH SCHOOL,2031029,[u'English Beginner'],eb-unit1-english-beginner,blue-cobra-mz29,30535,,Yes,[],13,0,0.0,128,4,3.125,2018-11-13 11:09:00,mz,2018-11-13,2031029-mz29,0,0,1,1,2,Nov-Dec-2018
mz29,GOVT. MAUBAWK HIGH SCHOOL,2031029,[u'English Beginner'],eb-unit1-english-beginner,blue-dolphin-mz29,30539,,Yes,[],13,0,0.0,128,7,5.46875,2018-11-13 11:09:00,mz,2018-11-13,2031029-mz29,0,0,1,1,2,Nov-Dec-2018
mz29,GOVT. MAUBAWK HIGH SCHOOL,2031029,[u'Basic Astronomy'],ast-unit1-earth,blue-ant-mz29,30523,,Yes,[30536],5,0,0.0,15,2,13.333333333333336,2018-11-13 11:17:00,mz,2018-11-13,2031029-mz29,0,0,1,1,2,Nov-Dec-2018
mz29,GOVT. MAUBAWK HIGH SCHOOL,2031029,[u'Basic Astronomy'],ast-unit1-earth,blue-bat-mz29,30526,,Yes,[],5,3,60.0,15,11,73.33333333333333,2018-11-13 11:17:00,mz,2018-11-13,2031029-mz29,0,0,1,1,2,Nov-Dec-2018
mz29,GOVT. MAUBAWK HIGH SCHOOL,2031029,[u'Basic Astronomy'],ast-unit1-earth,blue-bear-mz29,30527,,Yes,[],5,1,20.0,15,1,6.666666666666668,2018-11-13 11:17:00,mz,2018-11-13,2031029-mz29,0,0,1,1,2,Nov-Dec-2018
mz29,GOVT. MAUBAWK HIGH SCHOOL,2031029,[u'Basic Astronomy'],ast-unit1-earth,blue-bulbul-mz29,30529,,Yes,[],5,0,0.0,15,2,13.333333333333336,2018-11-13 11:17:00,mz,2018-11-13,2031029-mz29,0,0,1,1,2,Nov-Dec-2018
mz29,GOVT. MAUBAWK HIGH SCHOOL,2031029,[u'Basic Astronomy'],ast-unit1-earth,blue-butterfly-mz29,30531,,Yes,[],5,2,40.0,15,11,73.33333333333333,2018-11-13 11:17:00,mz,2018-11-13,2031029-mz29,0,0,1,1,2,Nov-Dec-2018
mz29,GOVT. MAUBAWK HIGH SCHOOL,2031029,[u'Basic Astronomy'],ast-unit1-earth,blue-camel-mz29,30532,,Yes,[],5,2,40.0,15,7,46.66666666666666,2018-11-13 11:17:00,mz,2018-11-13,2031029-mz29,0,0,1,1,2,Nov-Dec-2018
mz29,GOVT. MAUBAWK HIGH SCHOOL,2031029,[u'Basic Astronomy'],ast-unit1-earth,blue-cobra-mz29,30535,,Yes,[],5,1,20.0,15,6,40.0,2018-11-13 11:17:00,mz,2018-11-13,2031029-mz29,0,0,1,1,2,Nov-Dec-2018
mz29,GOVT. MAUBAWK HIGH SCHOOL,2031029,[u'Basic Astronomy'],ast-unit1-earth,blue-lion-mz29,30560,,Yes,"[30525, 30527]",5,1,20.0,15,1,6.666666666666668,2018-11-13 11:17:00,mz,2018-11-13,2031029-mz29,0,0,1,1,2,Nov-Dec-2018
mz29,GOVT. MAUBAWK HIGH SCHOOL,2031029,[u'Ecosystem'],ecosystem,blue-bulbul-mz29,30529,,No,[],11,0,0.0,52,0,0.0,2018-11-20 10:22:00,mz,2018-11-20,2031029-mz29,0,0,1,1,2,Nov-Dec-2018
mz29,GOVT. MAUBAWK HIGH SCHOOL,2031029,[u'Ecosystem'],ecosystem,blue-cobra-mz29,30535,,Yes,[],11,4,36.36363636363637,52,6,11.538461538461535,2018-11-20 10:22:00,mz,2018-11-20,2031029-mz29,0,0,1,1,2,Nov-Dec-2018
mz29,GOVT. MAUBAWK HIGH SCHOOL,2031029,[u'Geometric Reasoning Part I'],gr1-unit2-analysing-describing-shapes,blue-camel-mz29,30532,,Yes,[],3,0,0.0,8,2,25.0,2018-11-13 11:14:00,mz,2018-11-13,2031029-mz29,0,0,1,1,2,Nov-Dec-2018
mz29,GOVT. MAUBAWK HIGH SCHOOL,2031029,[u'Geometric Reasoning Part I'],gr1-unit2-analysing-describing-shapes,blue-cobra-mz29,30535,,Yes,[],3,0,0.0,8,2,25.0,2018-11-13 11:14:00,mz,2018-11-13,2031029-mz29,0,0,1,1,2,Nov-Dec-2018
mz29,GOVT. MAUBAWK HIGH SCHOOL,2031029,[u'English Elementary'],ee-unit2-english-elementary,black-rose-mz29,30505,,Yes,[],13,0,0.0,104,5,4.807692307692308,2018-11-13 11:15:00,mz,2018-11-13,2031029-mz29,0,0,1,1,2,Nov-Dec-2018
mz29,GOVT. MAUBAWK HIGH SCHOOL,2031029,[u'English Elementary'],ee-unit2-english-elementary,black-rose-mz29,30505,,Yes,[],13,0,0.0,104,6,5.769230769230767,2018-11-20 10:15:00,mz,2018-11-20,2031029-mz29,0,0,1,1,2,Nov-Dec-2018
mz29,GOVT. MAUBAWK HIGH SCHOOL,2031029,[u'English Elementary'],ee-unit2-english-elementary,blue-banana-mz29,30525,,Yes,[],13,0,0.0,104,3,2.8846153846153846,2018-11-13 11:15:00,mz,2018-11-13,2031029-mz29,0,0,1,1,2,Nov-Dec-2018
mz29,GOVT. MAUBAWK HIGH SCHOOL,2031029,[u'English Elementary'],ee-unit2-english-elementary,blue-bat-mz29,30526,,Yes,[],13,0,0.0,104,3,2.8846153846153846,2018-11-13 11:15:00,mz,2018-11-13,2031029-mz29,0,0,1,1,2,Nov-Dec-2018
mz29,GOVT. MAUBAWK HIGH SCHOOL,2031029,[u'English Elementary'],ee-unit2-english-elementary,blue-bat-mz29,30526,,Yes,[],13,0,0.0,104,4,3.8461538461538463,2018-11-20 10:15:00,mz,2018-11-20,2031029-mz29,0,0,1,1,2,Nov-Dec-2018
mz29,GOVT. MAUBAWK HIGH SCHOOL,2031029,[u'English Elementary'],ee-unit2-english-elementary,blue-bear-mz29,30527,,Yes,[],13,0,0.0,104,3,2.8846153846153846,2018-11-13 11:15:00,mz,2018-11-13,2031029-mz29,0,0,1,1,2,Nov-Dec-2018
mz29,GOVT. MAUBAWK HIGH SCHOOL,2031029,[u'English Elementary'],ee-unit2-english-elementary,blue-beatle-mz29,30528,,Yes,[30505],13,0,0.0,104,5,4.807692307692308,2018-11-13 11:15:00,mz,2018-11-13,2031029-mz29,0,0,1,1,2,Nov-Dec-2018
mz29,GOVT. MAUBAWK HIGH SCHOOL,2031029,[u'English Elementary'],ee-unit2-english-elementary,blue-beatle-mz29,30528,,Yes,[],13,1,7.6923076923076925,104,8,7.6923076923076925,2018-11-20 10:15:00,mz,2018-11-20,2031029-mz29,0,0,1,1,2,Nov-Dec-2018
mz29,GOVT. MAUBAWK HIGH SCHOOL,2031029,[u'English Elementary'],ee-unit2-english-elementary,blue-bull-mz29,30530,,Yes,[],13,0,0.0,104,7,6.730769230769233,2018-11-13 11:15:00,mz,2018-11-13,2031029-mz29,0,0,1,1,2,Nov-Dec-2018
mz29,GOVT. MAUBAWK HIGH SCHOOL,2031029,[u'English Elementary'],ee-unit2-english-elementary,blue-bull-mz29,30530,,Yes,[],13,1,7.6923076923076925,104,13,12.5,2018-11-20 10:15:00,mz,2018-11-20,2031029-mz29,0,0,1,1,2,Nov-Dec-2018
mz29,GOVT. MAUBAWK HIGH SCHOOL,2031029,[u'English Elementary'],ee-unit2-english-elementary,blue-butterfly-mz29,30531,,Yes,[],13,0,0.0,104,7,6.730769230769233,2018-11-13 11:15:00,mz,2018-11-13,2031029-mz29,0,0,1,1,2,Nov-Dec-2018
mz29,GOVT. MAUBAWK HIGH SCHOOL,2031029,[u'English Elementary'],ee-unit2-english-elementary,blue-butterfly-mz29,30531,,Yes,[],13,0,0.0,104,10,9.615384615384617,2018-11-20 10:15:00,mz,2018-11-20,2031029-mz29,0,0,1,1,2,Nov-Dec-2018
mz29,GOVT. MAUBAWK HIGH SCHOOL,2031029,[u'English Elementary'],ee-unit2-english-elementary,blue-camel-mz29,30532,,Yes,[],13,0,0.0,104,3,2.8846153846153846,2018-11-13 11:15:00,mz,2018-11-13,2031029-mz29,0,0,1,1,2,Nov-Dec-2018
mz29,GOVT. MAUBAWK HIGH SCHOOL,2031029,[u'English Elementary'],ee-unit2-english-elementary,blue-cat-mz29,30533,,Yes,[],13,0,0.0,104,4,3.8461538461538463,2018-11-13 11:15:00,mz,2018-11-13,2031029-mz29,0,0,1,1,2,Nov-Dec-2018
mz29,GOVT. MAUBAWK HIGH SCHOOL,2031029,[u'English Elementary'],ee-unit2-english-elementary,blue-cat-mz29,30533,,Yes,[],13,0,0.0,104,7,6.730769230769233,2018-11-20 10:15:00,mz,2018-11-20,2031029-mz29,0,0,1,1,2,Nov-Dec-2018
mz29,GOVT. MAUBAWK HIGH SCHOOL,2031029,[u'English Elementary'],ee-unit2-english-elementary,blue-cheetah-mz29,30534,,Yes,[30530],13,0,0.0,104,7,6.730769230769233,2018-11-13 11:15:00,mz,2018-11-13,2031029-mz29,0,0,1,1,2,Nov-Dec-2018
mz29,GOVT. MAUBAWK HIGH SCHOOL,2031029,[u'English Elementary'],ee-unit2-english-elementary,blue-cheetah-mz29,30534,,Yes,[30530],13,1,7.6923076923076925,104,13,12.5,2018-11-20 10:15:00,mz,2018-11-20,2031029-mz29,0,0,1,1,2,Nov-Dec-2018
mz29,GOVT. MAUBAWK HIGH SCHOOL,2031029,[u'English Elementary'],ee-unit2-english-elementary,blue-cobra-mz29,30535,,Yes,[],13,0,0.0,104,6,5.769230769230767,2018-11-13 11:15:00,mz,2018-11-13,2031029-mz29,0,0,1,1,2,Nov-Dec-2018
mz29,GOVT. MAUBAWK HIGH SCHOOL,2031029,[u'English Elementary'],ee-unit2-english-elementary,blue-cobra-mz29,30535,,Yes,[],13,0,0.0,104,11,10.576923076923077,2018-11-20 10:15:00,mz,2018-11-20,2031029-mz29,0,0,1,1,2,Nov-Dec-2018
mz29,GOVT. MAUBAWK HIGH SCHOOL,2031029,[u'English Elementary'],ee-unit2-english-elementary,blue-crab-mz29,30536,,Yes,[],13,0,0.0,104,7,6.730769230769233,2018-11-13 11:15:00,mz,2018-11-13,2031029-mz29,0,0,1,1,2,Nov-Dec-2018
mz29,GOVT. MAUBAWK HIGH SCHOOL,2031029,[u'English Elementary'],ee-unit2-english-elementary,blue-crab-mz29,30536,,Yes,[],13,0,0.0,104,10,9.615384615384617,2018-11-20 10:15:00,mz,2018-11-20,2031029-mz29,0,0,1,1,2,Nov-Dec-2018
mz29,GOVT. MAUBAWK HIGH SCHOOL,2031029,[u'English Elementary'],ee-unit2-english-elementary,blue-dolphin-mz29,30539,,Yes,[],13,0,0.0,104,4,3.8461538461538463,2018-11-13 11:15:00,mz,2018-11-13,2031029-mz29,0,0,1,1,2,Nov-Dec-2018
mz29,GOVT. MAUBAWK HIGH SCHOOL,2031029,[u'English Elementary'],ee-unit2-english-elementary,blue-dolphin-mz29,30539,,Yes,[],13,0,0.0,104,5,4.807692307692308,2018-11-20 10:15:00,mz,2018-11-20,2031029-mz29,0,0,1,1,2,Nov-Dec-2018
mz29,GOVT. MAUBAWK HIGH SCHOOL,2031029,[u'English Elementary'],ee-unit2-english-elementary,blue-lion-mz29,30560,,Yes,"[30525, 30527]",13,0,0.0,104,3,2.8846153846153846,2018-11-13 11:15:00,mz,2018-11-13,2031029-mz29,0,0,1,1,2,Nov-Dec-2018
mz29,GOVT. MAUBAWK HIGH SCHOOL,2031029,[u'Basic Astronomy'],ast-unit2-moon,blue-bat-mz29,30526,,Yes,[],4,4,100.0,14,14,100.0,2018-11-13 11:18:00,mz,2018-11-13,2031029-mz29,0,0,1,1,2,Nov-Dec-2018
mz29,GOVT. MAUBAWK HIGH SCHOOL,2031029,[u'Basic Astronomy'],ast-unit2-moon,blue-beatle-mz29,30528,,Yes,[30505],4,0,0.0,14,1,7.142857142857142,2018-11-13 11:18:00,mz,2018-11-13,2031029-mz29,0,0,1,1,2,Nov-Dec-2018
mz29,GOVT. MAUBAWK HIGH SCHOOL,2031029,[u'Basic Astronomy'],ast-unit2-moon,blue-butterfly-mz29,30531,,Yes,[],4,1,25.0,14,4,28.57142857142857,2018-11-13 11:18:00,mz,2018-11-13,2031029-mz29,0,0,1,1,2,Nov-Dec-2018
mz29,GOVT. MAUBAWK HIGH SCHOOL,2031029,[u'Basic Astronomy'],ast-unit2-moon,blue-camel-mz29,30532,,Yes,[],4,0,0.0,14,3,21.428571428571427,2018-11-13 11:18:00,mz,2018-11-13,2031029-mz29,0,0,1,1,2,Nov-Dec-2018
mz29,GOVT. MAUBAWK HIGH SCHOOL,2031029,[u'Basic Astronomy'],ast-unit2-moon,blue-cobra-mz29,30535,,Yes,[],4,0,0.0,14,2,14.285714285714285,2018-11-13 11:18:00,mz,2018-11-13,2031029-mz29,0,0,1,1,2,Nov-Dec-2018
mz29,GOVT. MAUBAWK HIGH SCHOOL,2031029,[u'Basic Astronomy'],ast-unit2-moon,blue-crab-mz29,30536,,Yes,[],4,0,0.0,14,1,7.142857142857142,2018-11-13 11:18:00,mz,2018-11-13,2031029-mz29,0,0,1,1,2,Nov-Dec-2018
mz29,GOVT. MAUBAWK HIGH SCHOOL,2031029,[u'Basic Astronomy'],ast-unit2-moon,blue-dolphin-mz29,30539,,Yes,[],4,3,75.0,14,12,85.71428571428571,2018-11-13 11:18:00,mz,2018-11-13,2031029-mz29,0,0,1,1,2,Nov-Dec-2018
mz29,GOVT. MAUBAWK HIGH SCHOOL,2031029,[u'Basic Astronomy'],ast-unit2-moon,blue-lion-mz29,30560,,No,"[30525, 30527]",4,0,0.0,14,0,0.0,2018-11-13 11:18:00,mz,2018-11-13,2031029-mz29,0,0,1,1,2,Nov-Dec-2018
mz29,GOVT. MAUBAWK HIGH SCHOOL,2031029,[u'Reflecting on Values'],reflecting-on-values,blue-ant-mz29,30523,,Yes,[],21,0,0.0,82,4,4.878048780487805,2018-11-20 10:23:00,mz,2018-11-20,2031029-mz29,0,0,1,1,2,Nov-Dec-2018
mz29,GOVT. MAUBAWK HIGH SCHOOL,2031029,[u'Reflecting on Values'],reflecting-on-values,blue-bulbul-mz29,30529,,Yes,[],21,0,0.0,82,4,4.878048780487805,2018-11-20 10:23:00,mz,2018-11-20,2031029-mz29,0,0,1,1,2,Nov-Dec-2018
mz29,GOVT. MAUBAWK HIGH SCHOOL,2031029,[u'Reflecting on Values'],reflecting-on-values,blue-cobra-mz29,30535,,Yes,[],21,1,4.761904761904762,82,3,3.6585365853658534,2018-11-20 10:23:00,mz,2018-11-20,2031029-mz29,0,0,1,1,2,Nov-Dec-2018
mz29,GOVT. MAUBAWK HIGH SCHOOL,2031029,[u'Basic Astronomy'],ast-unit3-solar-system,m2017ee008@tiss.edu,115,,No,[],7,0,0.0,45,0,0.0,2018-11-13 11:17:00,mz,2018-11-13,2031029-mz29,0,0,1,1,2,Nov-Dec-2018
mz29,GOVT. MAUBAWK HIGH SCHOOL,2031029,[u'Basic Astronomy'],ast-unit3-solar-system,black-rose-mz29,30505,,Yes,[],7,2,28.57142857142857,45,5,11.111111111111107,2018-11-13 11:17:00,mz,2018-11-13,2031029-mz29,0,0,1,1,2,Nov-Dec-2018
mz29,GOVT. MAUBAWK HIGH SCHOOL,2031029,[u'Basic Astronomy'],ast-unit3-solar-system,blue-ant-mz29,30523,,Yes,[30536],7,1,14.285714285714285,45,8,17.777777777777782,2018-11-13 11:17:00,mz,2018-11-13,2031029-mz29,0,0,1,1,2,Nov-Dec-2018
mz29,GOVT. MAUBAWK HIGH SCHOOL,2031029,[u'Basic Astronomy'],ast-unit3-solar-system,blue-bat-mz29,30526,,Yes,[],7,3,42.857142857142854,45,9,20.0,2018-11-13 11:17:00,mz,2018-11-13,2031029-mz29,0,0,1,1,2,Nov-Dec-2018
mz29,GOVT. MAUBAWK HIGH SCHOOL,2031029,[u'Basic Astronomy'],ast-unit3-solar-system,blue-bear-mz29,30527,,Yes,[],7,1,14.285714285714285,45,7,15.555555555555555,2018-11-13 11:17:00,mz,2018-11-13,2031029-mz29,0,0,1,1,2,Nov-Dec-2018
mz29,GOVT. MAUBAWK HIGH SCHOOL,2031029,[u'Basic Astronomy'],ast-unit3-solar-system,blue-beatle-mz29,30528,,Yes,[30505],7,3,42.857142857142854,45,10,22.222222222222214,2018-11-13 11:17:00,mz,2018-11-13,2031029-mz29,0,0,1,1,2,Nov-Dec-2018
mz29,GOVT. MAUBAWK HIGH SCHOOL,2031029,[u'Basic Astronomy'],ast-unit3-solar-system,blue-bulbul-mz29,30529,,Yes,[],7,1,14.285714285714285,45,8,17.777777777777782,2018-11-13 11:17:00,mz,2018-11-13,2031029-mz29,0,0,1,1,2,Nov-Dec-2018
mz29,GOVT. MAUBAWK HIGH SCHOOL,2031029,[u'Basic Astronomy'],ast-unit3-solar-system,blue-bull-mz29,30530,,Yes,[],7,4,57.14285714285714,45,16,35.555555555555564,2018-11-13 11:17:00,mz,2018-11-13,2031029-mz29,0,0,1,1,2,Nov-Dec-2018
mz29,GOVT. MAUBAWK HIGH SCHOOL,2031029,[u'Basic Astronomy'],ast-unit3-solar-system,blue-camel-mz29,30532,,Yes,[],7,3,42.857142857142854,45,10,22.222222222222214,2018-11-13 11:17:00,mz,2018-11-13,2031029-mz29,0,0,1,1,2,Nov-Dec-2018
mz29,GOVT. MAUBAWK HIGH SCHOOL,2031029,[u'Basic Astronomy'],ast-unit3-solar-system,blue-cat-mz29,30533,,Yes,[],7,0,0.0,45,3,6.666666666666668,2018-11-13 11:17:00,mz,2018-11-13,2031029-mz29,0,0,1,1,2,Nov-Dec-2018
mz29,GOVT. MAUBAWK HIGH SCHOOL,2031029,[u'Basic Astronomy'],ast-unit3-solar-system,blue-cheetah-mz29,30534,,Yes,[30530],7,4,57.14285714285714,45,16,35.555555555555564,2018-11-13 11:17:00,mz,2018-11-13,2031029-mz29,0,0,1,1,2,Nov-Dec-2018
mz29,GOVT. MAUBAWK HIGH SCHOOL,2031029,[u'Basic Astronomy'],ast-unit3-solar-system,blue-cobra-mz29,30535,,Yes,[],7,2,28.57142857142857,45,4,8.888888888888891,2018-11-13 11:17:00,mz,2018-11-13,2031029-mz29,0,0,1,1,2,Nov-Dec-2018
mz29,GOVT. MAUBAWK HIGH SCHOOL,2031029,[u'Basic Astronomy'],ast-unit3-solar-system,blue-crab-mz29,30536,,Yes,[],7,0,0.0,45,1,2.2222222222222223,2018-11-13 11:17:00,mz,2018-11-13,2031029-mz29,0,0,1,1,2,Nov-Dec-2018
mz29,GOVT. MAUBAWK HIGH SCHOOL,2031029,[u'Basic Astronomy'],ast-unit3-solar-system,blue-lion-mz29,30560,,Yes,"[30525, 30527]",7,1,14.285714285714285,45,7,15.555555555555555,2018-11-13 11:17:00,mz,2018-11-13,2031029-mz29,0,0,1,1,2,Nov-Dec-2018
mz29,GOVT. MAUBAWK HIGH SCHOOL,2031029,[u'Post-CLIx Survey'],post-clix-survey,blue-bulbul-mz29,30529,,No,[],1,0,0.0,20,0,0.0,2018-11-20 10:23:00,mz,2018-11-20,2031029-mz29,0,0,1,1,2,Nov-Dec-2018
mz29,GOVT. MAUBAWK HIGH SCHOOL,2031029,[u'Proportional Reasoning'],pr-unit1-additive-to-multiplicative-thinking,blue-banana-mz29,30525,,Yes,[],6,0,0.0,23,2,8.695652173913043,2018-11-13 11:13:00,mz,2018-11-13,2031029-mz29,0,0,1,1,2,Nov-Dec-2018
mz29,GOVT. MAUBAWK HIGH SCHOOL,2031029,[u'Proportional Reasoning'],pr-unit1-additive-to-multiplicative-thinking,blue-bear-mz29,30527,,Yes,[],6,0,0.0,23,2,8.695652173913043,2018-11-13 11:13:00,mz,2018-11-13,2031029-mz29,0,0,1,1,2,Nov-Dec-2018
mz29,GOVT. MAUBAWK HIGH SCHOOL,2031029,[u'Proportional Reasoning'],pr-unit1-additive-to-multiplicative-thinking,blue-lion-mz29,30560,,Yes,"[30525, 30527]",6,0,0.0,23,2,8.695652173913043,2018-11-13 11:13:00,mz,2018-11-13,2031029-mz29,0,0,1,1,2,Nov-Dec-2018
mz29,GOVT. MAUBAWK HIGH SCHOOL,2031029,[u'Health and Disease'],health-and-disease,blue-ant-mz29,30523,,Yes,[30536],8,0,0.0,68,3,4.411764705882354,2018-11-13 11:19:00,mz,2018-11-13,2031029-mz29,0,0,1,1,2,Nov-Dec-2018
mz29,GOVT. MAUBAWK HIGH SCHOOL,2031029,[u'Health and Disease'],health-and-disease,blue-bulbul-mz29,30529,,Yes,[],8,0,0.0,68,3,4.411764705882354,2018-11-13 11:19:00,mz,2018-11-13,2031029-mz29,0,0,1,1,2,Nov-Dec-2018
mz29,GOVT. MAUBAWK HIGH SCHOOL,2031029,[u'Health and Disease'],health-and-disease,blue-bull-mz29,30530,,Yes,[],8,1,12.5,68,2,2.9411764705882346,2018-11-13 11:19:00,mz,2018-11-13,2031029-mz29,0,0,1,1,2,Nov-Dec-2018
mz29,GOVT. MAUBAWK HIGH SCHOOL,2031029,[u'Health and Disease'],health-and-disease,blue-cheetah-mz29,30534,,Yes,[30530],8,1,12.5,68,2,2.9411764705882346,2018-11-13 11:19:00,mz,2018-11-13,2031029-mz29,0,0,1,1,2,Nov-Dec-2018
mz29,GOVT. MAUBAWK HIGH SCHOOL,2031029,[u'English Beginner'],eb-unit0-english-beginner,blue-ant-mz29,30523,,Yes,[30536],12,4,33.33333333333333,68,37,54.41176470588235,2018-11-13 11:11:00,mz,2018-11-13,2031029-mz29,0,0,1,1,2,Nov-Dec-2018
mz29,GOVT. MAUBAWK HIGH SCHOOL,2031029,[u'English Beginner'],eb-unit0-english-beginner,blue-banana-mz29,30525,,Yes,[],12,1,8.333333333333332,68,22,32.35294117647059,2018-11-13 11:11:00,mz,2018-11-13,2031029-mz29,0,0,1,1,2,Nov-Dec-2018
mz29,GOVT. MAUBAWK HIGH SCHOOL,2031029,[u'English Beginner'],eb-unit0-english-beginner,blue-bear-mz29,30527,,Yes,[],12,2,16.666666666666664,68,27,39.70588235294117,2018-11-13 11:11:00,mz,2018-11-13,2031029-mz29,0,0,1,1,2,Nov-Dec-2018
mz29,GOVT. MAUBAWK HIGH SCHOOL,2031029,[u'English Beginner'],eb-unit0-english-beginner,blue-bulbul-mz29,30529,,Yes,[],12,0,0.0,68,9,13.235294117647062,2018-11-13 11:11:00,mz,2018-11-13,2031029-mz29,0,0,1,1,2,Nov-Dec-2018
mz29,GOVT. MAUBAWK HIGH SCHOOL,2031029,[u'English Beginner'],eb-unit0-english-beginner,blue-bull-mz29,30530,,Yes,[],12,5,41.66666666666667,68,43,63.235294117647065,2018-11-13 11:11:00,mz,2018-11-13,2031029-mz29,0,0,1,1,2,Nov-Dec-2018
mz29,GOVT. MAUBAWK HIGH SCHOOL,2031029,[u'English Beginner'],eb-unit0-english-beginner,blue-butterfly-mz29,30531,,Yes,[],12,8,66.66666666666666,68,50,73.52941176470588,2018-11-13 11:11:00,mz,2018-11-13,2031029-mz29,0,0,1,1,2,Nov-Dec-2018
mz29,GOVT. MAUBAWK HIGH SCHOOL,2031029,[u'English Beginner'],eb-unit0-english-beginner,blue-camel-mz29,30532,,Yes,[],12,5,41.66666666666667,68,46,67.64705882352942,2018-11-13 11:11:00,mz,2018-11-13,2031029-mz29,0,0,1,1,2,Nov-Dec-2018
mz29,GOVT. MAUBAWK HIGH SCHOOL,2031029,[u'English Beginner'],eb-unit0-english-beginner,blue-cheetah-mz29,30534,,Yes,[30530],12,6,50.0,68,44,64.70588235294117,2018-11-13 11:11:00,mz,2018-11-13,2031029-mz29,0,0,1,1,2,Nov-Dec-2018
mz29,GOVT. MAUBAWK HIGH SCHOOL,2031029,[u'English Beginner'],eb-unit0-english-beginner,blue-cobra-mz29,30535,,Yes,[],12,6,50.0,68,48,70.58823529411767,2018-11-13 11:11:00,mz,2018-11-13,2031029-mz29,0,0,1,1,2,Nov-Dec-2018
mz29,GOVT. MAUBAWK HIGH SCHOOL,2031029,[u'English Beginner'],eb-unit0-english-beginner,blue-crab-mz29,30536,,Yes,[],12,7,58.33333333333334,68,47,69.11764705882352,2018-11-13 11:11:00,mz,2018-11-13,2031029-mz29,0,0,1,1,2,Nov-Dec-2018
mz29,GOVT. MAUBAWK HIGH SCHOOL,2031029,[u'English Beginner'],eb-unit0-english-beginner,blue-lion-mz29,30560,,Yes,"[30525, 30527]",12,0,0.0,68,3,4.411764705882354,2018-11-13 11:11:00,mz,2018-11-13,2031029-mz29,0,0,1,1,2,Nov-Dec-2018
mz29,GOVT. MAUBAWK HIGH SCHOOL,2031029,[u'Atomic Structure'],atom-in-chemistry,blue-bat-mz29,30526,,Yes,[],9,1,11.111111111111107,49,6,12.244897959183671,2018-11-20 10:22:00,mz,2018-11-20,2031029-mz29,0,0,1,1,2,Nov-Dec-2018
mz29,GOVT. MAUBAWK HIGH SCHOOL,2031029,[u'Atomic Structure'],atom-in-chemistry,blue-beatle-mz29,30528,,Yes,[],9,3,33.33333333333333,49,15,30.612244897959183,2018-11-20 10:22:00,mz,2018-11-20,2031029-mz29,0,0,1,1,2,Nov-Dec-2018
mz29,GOVT. MAUBAWK HIGH SCHOOL,2031029,[u'Atomic Structure'],atom-in-chemistry,blue-bull-mz29,30530,,Yes,[],9,7,77.7777777777778,49,27,55.10204081632652,2018-11-20 10:22:00,mz,2018-11-20,2031029-mz29,0,0,1,1,2,Nov-Dec-2018
mz29,GOVT. MAUBAWK HIGH SCHOOL,2031029,[u'Atomic Structure'],atom-in-chemistry,blue-butterfly-mz29,30531,,Yes,[],9,8,88.88888888888891,49,23,46.938775510204074,2018-11-20 10:22:00,mz,2018-11-20,2031029-mz29,0,0,1,1,2,Nov-Dec-2018
mz29,GOVT. MAUBAWK HIGH SCHOOL,2031029,[u'Atomic Structure'],atom-in-chemistry,blue-cheetah-mz29,30534,,Yes,[30530],9,8,88.88888888888891,49,29,59.18367346938776,2018-11-20 10:22:00,mz,2018-11-20,2031029-mz29,0,0,1,1,2,Nov-Dec-2018
mz29,GOVT. MAUBAWK HIGH SCHOOL,2031029,[u'Atomic Structure'],atom-in-chemistry,blue-lion-mz29,30560,,Yes,[],9,0,0.0,49,2,4.081632653061225,2018-11-20 10:22:00,mz,2018-11-20,2031029-mz29,0,0,1,1,2,Nov-Dec-2018
mz21,GOVT. HRANGCHHUNGA HIGH SCHOOL,2031021,[u'Basic Astronomy'],ast-unit1-earth,gray-crab-mz21,22280,,Yes,[],5,0,0.0,15,1,6.666666666666668,2018-11-09 19:11:00,mz,2018-11-09,2031021-mz21,1,0,1,0,2,Nov-Dec-2018
mz21,GOVT. HRANGCHHUNGA HIGH SCHOOL,2031021,[u'Basic Astronomy'],ast-unit1-earth,gray-eagle-mz21,22287,,Yes,[],5,0,0.0,15,1,6.666666666666668,2018-11-09 19:11:00,mz,2018-11-09,2031021-mz21,1,0,1,0,2,Nov-Dec-2018
mz21,GOVT. HRANGCHHUNGA HIGH SCHOOL,2031021,[u'Basic Astronomy'],ast-unit1-earth,gray-hen-mz21,22296,,No,[],5,0,0.0,15,0,0.0,2018-11-09 19:11:00,mz,2018-11-09,2031021-mz21,1,0,1,0,2,Nov-Dec-2018
mz21,GOVT. HRANGCHHUNGA HIGH SCHOOL,2031021,[u'English Beginner'],eb-unit0-english-beginner,gray-camel-mz21,22276,,Yes,[],12,0,0.0,68,5,7.352941176470589,2018-11-09 18:07:00,mz,2018-11-09,2031021-mz21,1,0,1,0,2,Nov-Dec-2018
mz21,GOVT. HRANGCHHUNGA HIGH SCHOOL,2031021,[u'English Beginner'],eb-unit0-english-beginner,gray-camel-mz21,22276,,Yes,[],12,0,0.0,68,5,7.352941176470589,2018-11-09 18:07:00,mz,2018-11-09,2031021-mz21,1,0,1,0,2,Nov-Dec-2018
mz21,GOVT. HRANGCHHUNGA HIGH SCHOOL,2031021,[u'English Beginner'],eb-unit0-english-beginner,gray-cobra-mz21,22279,,Yes,[],12,0,0.0,68,5,7.352941176470589,2018-11-09 18:07:00,mz,2018-11-09,2031021-mz21,1,0,1,0,2,Nov-Dec-2018
mz21,GOVT. HRANGCHHUNGA HIGH SCHOOL,2031021,[u'English Beginner'],eb-unit0-english-beginner,gray-cobra-mz21,22279,,Yes,[],12,0,0.0,68,5,7.352941176470589,2018-11-09 18:07:00,mz,2018-11-09,2031021-mz21,1,0,1,0,2,Nov-Dec-2018
mz21,GOVT. HRANGCHHUNGA HIGH SCHOOL,2031021,[u'English Beginner'],eb-unit0-english-beginner,gray-crab-mz21,22280,,Yes,[],12,0,0.0,68,5,7.352941176470589,2018-11-09 18:07:00,mz,2018-11-09,2031021-mz21,1,0,1,0,2,Nov-Dec-2018
mz21,GOVT. HRANGCHHUNGA HIGH SCHOOL,2031021,[u'English Beginner'],eb-unit0-english-beginner,gray-crab-mz21,22280,,Yes,[],12,0,0.0,68,5,7.352941176470589,2018-11-09 18:07:00,mz,2018-11-09,2031021-mz21,1,0,1,0,2,Nov-Dec-2018
mz21,GOVT. HRANGCHHUNGA HIGH SCHOOL,2031021,[u'English Beginner'],eb-unit0-english-beginner,gray-dolphin-mz21,22283,,Yes,[],12,0,0.0,68,5,7.352941176470589,2018-11-09 18:07:00,mz,2018-11-09,2031021-mz21,1,0,1,0,2,Nov-Dec-2018
mz21,GOVT. HRANGCHHUNGA HIGH SCHOOL,2031021,[u'English Beginner'],eb-unit0-english-beginner,gray-dolphin-mz21,22283,,Yes,[],12,0,0.0,68,5,7.352941176470589,2018-11-09 18:07:00,mz,2018-11-09,2031021-mz21,1,0,1,0,2,Nov-Dec-2018
mz21,GOVT. HRANGCHHUNGA HIGH SCHOOL,2031021,[u'English Beginner'],eb-unit0-english-beginner,gray-dragonfly-mz21,22284,,Yes,[],12,0,0.0,68,5,7.352941176470589,2018-11-09 18:07:00,mz,2018-11-09,2031021-mz21,1,0,1,0,2,Nov-Dec-2018
mz21,GOVT. HRANGCHHUNGA HIGH SCHOOL,2031021,[u'English Beginner'],eb-unit0-english-beginner,gray-dragonfly-mz21,22284,,Yes,[],12,0,0.0,68,5,7.352941176470589,2018-11-09 18:07:00,mz,2018-11-09,2031021-mz21,1,0,1,0,2,Nov-Dec-2018
mz21,GOVT. HRANGCHHUNGA HIGH SCHOOL,2031021,[u'English Beginner'],eb-unit0-english-beginner,gray-eagle-mz21,22287,,Yes,[],12,0,0.0,68,5,7.352941176470589,2018-11-09 18:07:00,mz,2018-11-09,2031021-mz21,1,0,1,0,2,Nov-Dec-2018
mz21,GOVT. HRANGCHHUNGA HIGH SCHOOL,2031021,[u'English Beginner'],eb-unit0-english-beginner,gray-eagle-mz21,22287,,Yes,[],12,0,0.0,68,5,7.352941176470589,2018-11-09 18:07:00,mz,2018-11-09,2031021-mz21,1,0,1,0,2,Nov-Dec-2018
mz21,GOVT. HRANGCHHUNGA HIGH SCHOOL,2031021,[u'English Beginner'],eb-unit0-english-beginner,gray-elephant-mz21,22288,,Yes,[],12,0,0.0,68,5,7.352941176470589,2018-11-09 18:07:00,mz,2018-11-09,2031021-mz21,1,0,1,0,2,Nov-Dec-2018
mz21,GOVT. HRANGCHHUNGA HIGH SCHOOL,2031021,[u'English Beginner'],eb-unit0-english-beginner,gray-elephant-mz21,22288,,Yes,[],12,0,0.0,68,5,7.352941176470589,2018-11-09 18:07:00,mz,2018-11-09,2031021-mz21,1,0,1,0,2,Nov-Dec-2018
mz21,GOVT. HRANGCHHUNGA HIGH SCHOOL,2031021,[u'English Beginner'],eb-unit0-english-beginner,gray-goat-mz21,22293,,Yes,[],12,0,0.0,68,5,7.352941176470589,2018-11-09 18:07:00,mz,2018-11-09,2031021-mz21,1,0,1,0,2,Nov-Dec-2018
mz21,GOVT. HRANGCHHUNGA HIGH SCHOOL,2031021,[u'English Beginner'],eb-unit0-english-beginner,gray-goat-mz21,22293,,Yes,[],12,0,0.0,68,5,7.352941176470589,2018-11-09 18:07:00,mz,2018-11-09,2031021-mz21,1,0,1,0,2,Nov-Dec-2018
mz21,GOVT. HRANGCHHUNGA HIGH SCHOOL,2031021,[u'English Beginner'],eb-unit0-english-beginner,gray-gorilla-mz21,22294,,Yes,[],12,0,0.0,68,5,7.352941176470589,2018-11-09 18:07:00,mz,2018-11-09,2031021-mz21,1,0,1,0,2,Nov-Dec-2018
mz21,GOVT. HRANGCHHUNGA HIGH SCHOOL,2031021,[u'English Beginner'],eb-unit0-english-beginner,gray-gorilla-mz21,22294,,Yes,[],12,0,0.0,68,5,7.352941176470589,2018-11-09 18:07:00,mz,2018-11-09,2031021-mz21,1,0,1,0,2,Nov-Dec-2018
mz21,GOVT. HRANGCHHUNGA HIGH SCHOOL,2031021,[u'English Beginner'],eb-unit0-english-beginner,gray-hen-mz21,22296,,Yes,[],12,0,0.0,68,5,7.352941176470589,2018-11-09 18:07:00,mz,2018-11-09,2031021-mz21,1,0,1,0,2,Nov-Dec-2018
mz21,GOVT. HRANGCHHUNGA HIGH SCHOOL,2031021,[u'English Beginner'],eb-unit0-english-beginner,gray-hen-mz21,22296,,Yes,[],12,0,0.0,68,5,7.352941176470589,2018-11-09 18:07:00,mz,2018-11-09,2031021-mz21,1,0,1,0,2,Nov-Dec-2018
mz21,GOVT. HRANGCHHUNGA HIGH SCHOOL,2031021,[u'English Beginner'],eb-unit0-english-beginner,gray-hippo-mz21,22299,,Yes,[],12,0,0.0,68,5,7.352941176470589,2018-11-09 18:07:00,mz,2018-11-09,2031021-mz21,1,0,1,0,2,Nov-Dec-2018
mz21,GOVT. HRANGCHHUNGA HIGH SCHOOL,2031021,[u'English Beginner'],eb-unit0-english-beginner,gray-hippo-mz21,22299,,Yes,[],12,0,0.0,68,5,7.352941176470589,2018-11-09 18:07:00,mz,2018-11-09,2031021-mz21,1,0,1,0,2,Nov-Dec-2018
mz21,GOVT. HRANGCHHUNGA HIGH SCHOOL,2031021,[u'English Beginner'],eb-unit0-english-beginner,gray-horse-mz21,22301,,Yes,[],12,0,0.0,68,5,7.352941176470589,2018-11-09 18:07:00,mz,2018-11-09,2031021-mz21,1,0,1,0,2,Nov-Dec-2018
mz21,GOVT. HRANGCHHUNGA HIGH SCHOOL,2031021,[u'English Beginner'],eb-unit0-english-beginner,gray-horse-mz21,22301,,Yes,[],12,0,0.0,68,5,7.352941176470589,2018-11-09 18:07:00,mz,2018-11-09,2031021-mz21,1,0,1,0,2,Nov-Dec-2018
mz21,GOVT. HRANGCHHUNGA HIGH SCHOOL,2031021,[u'English Beginner'],eb-unit0-english-beginner,gray-lion-mz21,22304,,Yes,[],12,0,0.0,68,5,7.352941176470589,2018-11-09 18:07:00,mz,2018-11-09,2031021-mz21,1,0,1,0,2,Nov-Dec-2018
mz21,GOVT. HRANGCHHUNGA HIGH SCHOOL,2031021,[u'English Beginner'],eb-unit0-english-beginner,gray-lion-mz21,22304,,Yes,[],12,0,0.0,68,5,7.352941176470589,2018-11-09 18:07:00,mz,2018-11-09,2031021-mz21,1,0,1,0,2,Nov-Dec-2018
mz21,GOVT. HRANGCHHUNGA HIGH SCHOOL,2031021,[u'Basic Astronomy'],ast-unit3-solar-system,gray-grasshopper-mz21,22295,,Yes,[],7,0,0.0,45,1,2.2222222222222223,2018-11-09 19:12:00,mz,2018-11-09,2031021-mz21,1,0,1,0,2,Nov-Dec-2018
mz21,GOVT. HRANGCHHUNGA HIGH SCHOOL,2031021,[u'Basic Astronomy'],ast-unit3-solar-system,gray-heron-mz21,22297,,Yes,[],7,0,0.0,45,1,2.2222222222222223,2018-11-09 19:12:00,mz,2018-11-09,2031021-mz21,1,0,1,0,2,Nov-Dec-2018
mz21,GOVT. HRANGCHHUNGA HIGH SCHOOL,2031021,[u'Basic Astronomy'],ast-unit2-moon,gray-honeybee-mz21,22300,,Yes,[],4,0,0.0,14,2,14.285714285714285,2018-11-09 19:12:00,mz,2018-11-09,2031021-mz21,1,0,1,0,2,Nov-Dec-2018
mz2,GOVT. CHAWNPUI HIGH SCHOOL,2031002,[u'Geometric Reasoning Part I'],gr1-unit1-concept-of-shape,green-cheetah-mz2,2400,,Yes,[2411],4,1,25.0,14,4,28.57142857142857,2018-11-05 14:14:00,mz,2018-11-05,2031002-mz2,1,0,2,0,3,Nov-Dec-2018
mz2,GOVT. CHAWNPUI HIGH SCHOOL,2031002,[u'Geometric Reasoning Part I'],gr1-unit1-concept-of-shape,green-cheetah-mz2,2400,,Yes,[2412],4,1,25.0,14,6,42.857142857142854,2018-11-12 14:14:00,mz,2018-11-12,2031002-mz2,1,0,2,0,3,Nov-Dec-2018
mz2,GOVT. CHAWNPUI HIGH SCHOOL,2031002,[u'Geometric Reasoning Part I'],gr1-unit1-concept-of-shape,green-cobra-mz2,2401,,Yes,[],4,2,50.0,14,5,35.714285714285715,2018-11-05 14:14:00,mz,2018-11-05,2031002-mz2,1,0,2,0,3,Nov-Dec-2018
mz2,GOVT. CHAWNPUI HIGH SCHOOL,2031002,[u'Geometric Reasoning Part I'],gr1-unit1-concept-of-shape,green-cobra-mz2,2401,,Yes,[],4,2,50.0,14,7,50.0,2018-11-12 14:14:00,mz,2018-11-12,2031002-mz2,1,0,2,0,3,Nov-Dec-2018
mz2,GOVT. CHAWNPUI HIGH SCHOOL,2031002,[u'Geometric Reasoning Part I'],gr1-unit1-concept-of-shape,green-crab-mz2,2402,,Yes,[2403],4,1,25.0,14,4,28.57142857142857,2018-11-05 14:14:00,mz,2018-11-05,2031002-mz2,1,0,2,0,3,Nov-Dec-2018
mz2,GOVT. CHAWNPUI HIGH SCHOOL,2031002,[u'Geometric Reasoning Part I'],gr1-unit1-concept-of-shape,green-crab-mz2,2402,,Yes,[],4,1,25.0,14,6,42.857142857142854,2018-11-12 14:14:00,mz,2018-11-12,2031002-mz2,1,0,2,0,3,Nov-Dec-2018
mz2,GOVT. CHAWNPUI HIGH SCHOOL,2031002,[u'Geometric Reasoning Part I'],gr1-unit1-concept-of-shape,green-deer-mz2,2403,,Yes,[],4,1,25.0,14,3,21.428571428571427,2018-11-05 14:14:00,mz,2018-11-05,2031002-mz2,1,0,2,0,3,Nov-Dec-2018
mz2,GOVT. CHAWNPUI HIGH SCHOOL,2031002,[u'Geometric Reasoning Part I'],gr1-unit1-concept-of-shape,green-dragon-mz2,2407,,Yes,[2420],4,1,25.0,14,3,21.428571428571427,2018-11-05 14:14:00,mz,2018-11-05,2031002-mz2,1,0,2,0,3,Nov-Dec-2018
mz2,GOVT. CHAWNPUI HIGH SCHOOL,2031002,[u'Geometric Reasoning Part I'],gr1-unit1-concept-of-shape,green-dragon-mz2,2407,,Yes,[2420],4,1,25.0,14,5,35.714285714285715,2018-11-12 14:14:00,mz,2018-11-12,2031002-mz2,1,0,2,0,3,Nov-Dec-2018
mz2,GOVT. CHAWNPUI HIGH SCHOOL,2031002,[u'Geometric Reasoning Part I'],gr1-unit1-concept-of-shape,green-eagle-mz2,2409,,Yes,[2419],4,2,50.0,14,5,35.714285714285715,2018-11-05 14:14:00,mz,2018-11-05,2031002-mz2,1,0,2,0,3,Nov-Dec-2018
mz2,GOVT. CHAWNPUI HIGH SCHOOL,2031002,[u'Geometric Reasoning Part I'],gr1-unit1-concept-of-shape,green-eagle-mz2,2409,,Yes,[2419],4,2,50.0,14,7,50.0,2018-11-12 14:14:00,mz,2018-11-12,2031002-mz2,1,0,2,0,3,Nov-Dec-2018
mz2,GOVT. CHAWNPUI HIGH SCHOOL,2031002,[u'Geometric Reasoning Part I'],gr1-unit1-concept-of-shape,green-elephant-mz2,2410,,Yes,[],4,1,25.0,14,4,28.57142857142857,2018-11-05 14:14:00,mz,2018-11-05,2031002-mz2,1,0,2,0,3,Nov-Dec-2018
mz2,GOVT. CHAWNPUI HIGH SCHOOL,2031002,[u'Geometric Reasoning Part I'],gr1-unit1-concept-of-shape,green-flamingo-mz2,2411,,Yes,[2410],4,1,25.0,14,4,28.57142857142857,2018-11-05 14:14:00,mz,2018-11-05,2031002-mz2,1,0,2,0,3,Nov-Dec-2018
mz2,GOVT. CHAWNPUI HIGH SCHOOL,2031002,[u'Geometric Reasoning Part I'],gr1-unit1-concept-of-shape,green-flamingo-mz2,2411,,Yes,[],4,1,25.0,14,6,42.857142857142854,2018-11-12 14:14:00,mz,2018-11-12,2031002-mz2,1,0,2,0,3,Nov-Dec-2018
mz2,GOVT. CHAWNPUI HIGH SCHOOL,2031002,[u'Geometric Reasoning Part I'],gr1-unit1-concept-of-shape,green-fox-mz2,2412,,Yes,[],4,1,25.0,14,5,35.714285714285715,2018-11-12 14:14:00,mz,2018-11-12,2031002-mz2,1,0,2,0,3,Nov-Dec-2018
mz2,GOVT. CHAWNPUI HIGH SCHOOL,2031002,[u'Geometric Reasoning Part I'],gr1-unit1-concept-of-shape,green-frog-mz2,2413,,Yes,[2415],4,2,50.0,14,5,35.714285714285715,2018-11-05 14:14:00,mz,2018-11-05,2031002-mz2,1,0,2,0,3,Nov-Dec-2018
mz2,GOVT. CHAWNPUI HIGH SCHOOL,2031002,[u'Geometric Reasoning Part I'],gr1-unit1-concept-of-shape,green-frog-mz2,2413,,Yes,[2415],4,2,50.0,14,7,50.0,2018-11-12 14:14:00,mz,2018-11-12,2031002-mz2,1,0,2,0,3,Nov-Dec-2018
mz2,GOVT. CHAWNPUI HIGH SCHOOL,2031002,[u'Geometric Reasoning Part I'],gr1-unit1-concept-of-shape,green-goat-mz2,2415,,Yes,[],4,0,0.0,14,3,21.428571428571427,2018-11-05 14:14:00,mz,2018-11-05,2031002-mz2,1,0,2,0,3,Nov-Dec-2018
mz2,GOVT. CHAWNPUI HIGH SCHOOL,2031002,[u'Geometric Reasoning Part I'],gr1-unit1-concept-of-shape,green-goat-mz2,2415,,Yes,[],4,0,0.0,14,5,35.714285714285715,2018-11-12 14:14:00,mz,2018-11-12,2031002-mz2,1,0,2,0,3,Nov-Dec-2018
mz2,GOVT. CHAWNPUI HIGH SCHOOL,2031002,[u'Geometric Reasoning Part I'],gr1-unit1-concept-of-shape,green-gorilla-mz2,2416,,Yes,[2418],4,1,25.0,14,4,28.57142857142857,2018-11-05 14:14:00,mz,2018-11-05,2031002-mz2,1,0,2,0,3,Nov-Dec-2018
mz2,GOVT. CHAWNPUI HIGH SCHOOL,2031002,[u'Geometric Reasoning Part I'],gr1-unit1-concept-of-shape,green-gorilla-mz2,2416,,Yes,[2418],4,1,25.0,14,6,42.857142857142854,2018-11-12 14:14:00,mz,2018-11-12,2031002-mz2,1,0,2,0,3,Nov-Dec-2018
mz2,GOVT. CHAWNPUI HIGH SCHOOL,2031002,[u'Geometric Reasoning Part I'],gr1-unit1-concept-of-shape,green-hen-mz2,2418,,Yes,[],4,1,25.0,14,4,28.57142857142857,2018-11-05 14:14:00,mz,2018-11-05,2031002-mz2,1,0,2,0,3,Nov-Dec-2018
mz2,GOVT. CHAWNPUI HIGH SCHOOL,2031002,[u'Geometric Reasoning Part I'],gr1-unit1-concept-of-shape,green-hen-mz2,2418,,Yes,[],4,1,25.0,14,6,42.857142857142854,2018-11-12 14:14:00,mz,2018-11-12,2031002-mz2,1,0,2,0,3,Nov-Dec-2018
mz2,GOVT. CHAWNPUI HIGH SCHOOL,2031002,[u'Geometric Reasoning Part I'],gr1-unit1-concept-of-shape,green-heron-mz2,2419,,Yes,[],4,1,25.0,14,4,28.57142857142857,2018-11-05 14:14:00,mz,2018-11-05,2031002-mz2,1,0,2,0,3,Nov-Dec-2018
mz2,GOVT. CHAWNPUI HIGH SCHOOL,2031002,[u'Geometric Reasoning Part I'],gr1-unit1-concept-of-shape,green-heron-mz2,2419,,Yes,[],4,1,25.0,14,6,42.857142857142854,2018-11-12 14:14:00,mz,2018-11-12,2031002-mz2,1,0,2,0,3,Nov-Dec-2018
mz2,GOVT. CHAWNPUI HIGH SCHOOL,2031002,[u'Geometric Reasoning Part I'],gr1-unit1-concept-of-shape,green-hibiscus-mz2,2420,,Yes,[],4,1,25.0,14,5,35.714285714285715,2018-11-12 14:14:00,mz,2018-11-12,2031002-mz2,1,0,2,0,3,Nov-Dec-2018
mz2,GOVT. CHAWNPUI HIGH SCHOOL,2031002,[u'Geometric Reasoning Part I'],gr1-unit1-concept-of-shape,green-kiwi-mz2,2425,,Yes,[2401],4,2,50.0,14,5,35.714285714285715,2018-11-05 14:14:00,mz,2018-11-05,2031002-mz2,1,0,2,0,3,Nov-Dec-2018
mz2,GOVT. CHAWNPUI HIGH SCHOOL,2031002,[u'Geometric Reasoning Part I'],gr1-unit1-concept-of-shape,green-kiwi-mz2,2425,,Yes,[],4,2,50.0,14,7,50.0,2018-11-12 14:14:00,mz,2018-11-12,2031002-mz2,1,0,2,0,3,Nov-Dec-2018
mz2,GOVT. CHAWNPUI HIGH SCHOOL,2031002,[u'Geometric Reasoning Part I'],gr1-unit1-concept-of-shape,green-lion-mz2,2426,,Yes,[],4,1,25.0,14,5,35.714285714285715,2018-11-05 14:14:00,mz,2018-11-05,2031002-mz2,1,0,2,0,3,Nov-Dec-2018
mz2,GOVT. CHAWNPUI HIGH SCHOOL,2031002,[u'Geometric Reasoning Part I'],gr1-unit1-concept-of-shape,green-lion-mz2,2426,,Yes,[],4,3,75.0,14,9,64.28571428571429,2018-11-12 14:14:00,mz,2018-11-12,2031002-mz2,1,0,2,0,3,Nov-Dec-2018
mz20,GOVT. DINTHAR HIGH SCHOOL,2031020,[u'Geometric Reasoning Part I'],gr1-unit1-concept-of-shape,brown-bat-mz20,21148,,Yes,[],4,1,25.0,14,5,35.714285714285715,2018-11-02 11:11:00,mz,2018-11-02,2031020-mz20,2,0,3,0,5,Nov-Dec-2018
mz20,GOVT. DINTHAR HIGH SCHOOL,2031020,[u'Geometric Reasoning Part I'],gr1-unit1-concept-of-shape,brown-bat-mz20,21148,,Yes,[],4,1,25.0,14,5,35.714285714285715,2018-11-02 11:11:00,mz,2018-11-02,2031020-mz20,2,0,3,0,5,Nov-Dec-2018
mz20,GOVT. DINTHAR HIGH SCHOOL,2031020,[u'Geometric Reasoning Part I'],gr1-unit1-concept-of-shape,brown-bear-mz20,21149,,Yes,[21148],4,1,25.0,14,6,42.857142857142854,2018-11-02 11:11:00,mz,2018-11-02,2031020-mz20,2,0,3,0,5,Nov-Dec-2018
mz20,GOVT. DINTHAR HIGH SCHOOL,2031020,[u'Geometric Reasoning Part I'],gr1-unit1-concept-of-shape,brown-bear-mz20,21149,,Yes,[21148],4,1,25.0,14,6,42.857142857142854,2018-11-02 11:11:00,mz,2018-11-02,2031020-mz20,2,0,3,0,5,Nov-Dec-2018
mz20,GOVT. DINTHAR HIGH SCHOOL,2031020,[u'Geometric Reasoning Part I'],gr1-unit1-concept-of-shape,brown-beatle-mz20,21150,,Yes,[],4,1,25.0,14,5,35.714285714285715,2018-11-02 11:11:00,mz,2018-11-02,2031020-mz20,2,0,3,0,5,Nov-Dec-2018
mz20,GOVT. DINTHAR HIGH SCHOOL,2031020,[u'Geometric Reasoning Part I'],gr1-unit1-concept-of-shape,brown-beatle-mz20,21150,,Yes,[],4,1,25.0,14,5,35.714285714285715,2018-11-02 11:11:00,mz,2018-11-02,2031020-mz20,2,0,3,0,5,Nov-Dec-2018
mz20,GOVT. DINTHAR HIGH SCHOOL,2031020,[u'Geometric Reasoning Part I'],gr1-unit1-concept-of-shape,brown-bulbul-mz20,21151,,Yes,[],4,1,25.0,14,4,28.57142857142857,2018-11-02 11:11:00,mz,2018-11-02,2031020-mz20,2,0,3,0,5,Nov-Dec-2018
mz20,GOVT. DINTHAR HIGH SCHOOL,2031020,[u'Geometric Reasoning Part I'],gr1-unit1-concept-of-shape,brown-bulbul-mz20,21151,,Yes,[],4,1,25.0,14,4,28.57142857142857,2018-11-02 11:11:00,mz,2018-11-02,2031020-mz20,2,0,3,0,5,Nov-Dec-2018
mz20,GOVT. DINTHAR HIGH SCHOOL,2031020,[u'Geometric Reasoning Part I'],gr1-unit1-concept-of-shape,brown-bull-mz20,21152,,Yes,[],4,1,25.0,14,4,28.57142857142857,2018-11-02 11:11:00,mz,2018-11-02,2031020-mz20,2,0,3,0,5,Nov-Dec-2018
mz20,GOVT. DINTHAR HIGH SCHOOL,2031020,[u'Geometric Reasoning Part I'],gr1-unit1-concept-of-shape,brown-bull-mz20,21152,,Yes,[],4,1,25.0,14,4,28.57142857142857,2018-11-02 11:11:00,mz,2018-11-02,2031020-mz20,2,0,3,0,5,Nov-Dec-2018
mz20,GOVT. DINTHAR HIGH SCHOOL,2031020,[u'Geometric Reasoning Part I'],gr1-unit1-concept-of-shape,brown-butterfly-mz20,21153,,Yes,[],4,1,25.0,14,4,28.57142857142857,2018-11-02 11:11:00,mz,2018-11-02,2031020-mz20,2,0,3,0,5,Nov-Dec-2018
mz20,GOVT. DINTHAR HIGH SCHOOL,2031020,[u'Geometric Reasoning Part I'],gr1-unit1-concept-of-shape,brown-butterfly-mz20,21153,,Yes,[],4,1,25.0,14,4,28.57142857142857,2018-11-02 11:11:00,mz,2018-11-02,2031020-mz20,2,0,3,0,5,Nov-Dec-2018
mz20,GOVT. DINTHAR HIGH SCHOOL,2031020,[u'Geometric Reasoning Part I'],gr1-unit1-concept-of-shape,brown-butterfly-mz20,21153,,Yes,[],4,1,25.0,14,5,35.714285714285715,2018-11-09 11:11:00,mz,2018-11-09,2031020-mz20,2,0,3,0,5,Nov-Dec-2018
mz20,GOVT. DINTHAR HIGH SCHOOL,2031020,[u'Geometric Reasoning Part I'],gr1-unit1-concept-of-shape,brown-butterfly-mz20,21153,,Yes,[],4,1,25.0,14,5,35.714285714285715,2018-11-09 11:11:00,mz,2018-11-09,2031020-mz20,2,0,3,0,5,Nov-Dec-2018
mz20,GOVT. DINTHAR HIGH SCHOOL,2031020,[u'Geometric Reasoning Part I'],gr1-unit1-concept-of-shape,brown-cheetah-mz20,21156,Grade 9,Yes,"[21160, 21167]",4,1,25.0,14,6,42.857142857142854,2018-11-02 11:11:00,mz,2018-11-02,2031020-mz20,2,0,3,0,5,Nov-Dec-2018
mz20,GOVT. DINTHAR HIGH SCHOOL,2031020,[u'Geometric Reasoning Part I'],gr1-unit1-concept-of-shape,brown-cheetah-mz20,21156,Grade 9,Yes,"[21160, 21167]",4,1,25.0,14,6,42.857142857142854,2018-11-02 11:11:00,mz,2018-11-02,2031020-mz20,2,0,3,0,5,Nov-Dec-2018
mz20,GOVT. DINTHAR HIGH SCHOOL,2031020,[u'Geometric Reasoning Part I'],gr1-unit1-concept-of-shape,brown-deer-mz20,21159,,Yes,[],4,1,25.0,14,5,35.714285714285715,2018-11-02 11:11:00,mz,2018-11-02,2031020-mz20,2,0,3,0,5,Nov-Dec-2018
mz20,GOVT. DINTHAR HIGH SCHOOL,2031020,[u'Geometric Reasoning Part I'],gr1-unit1-concept-of-shape,brown-deer-mz20,21159,,Yes,[],4,1,25.0,14,5,35.714285714285715,2018-11-02 11:11:00,mz,2018-11-02,2031020-mz20,2,0,3,0,5,Nov-Dec-2018
mz20,GOVT. DINTHAR HIGH SCHOOL,2031020,[u'Geometric Reasoning Part I'],gr1-unit1-concept-of-shape,brown-dog-mz20,21160,,Yes,[],4,1,25.0,14,4,28.57142857142857,2018-11-02 11:11:00,mz,2018-11-02,2031020-mz20,2,0,3,0,5,Nov-Dec-2018
mz20,GOVT. DINTHAR HIGH SCHOOL,2031020,[u'Geometric Reasoning Part I'],gr1-unit1-concept-of-shape,brown-dog-mz20,21160,,Yes,[],4,1,25.0,14,4,28.57142857142857,2018-11-02 11:11:00,mz,2018-11-02,2031020-mz20,2,0,3,0,5,Nov-Dec-2018
mz20,GOVT. DINTHAR HIGH SCHOOL,2031020,[u'Geometric Reasoning Part I'],gr1-unit1-concept-of-shape,brown-dolphin-mz20,21161,,Yes,[21165],4,1,25.0,14,5,35.714285714285715,2018-11-02 11:11:00,mz,2018-11-02,2031020-mz20,2,0,3,0,5,Nov-Dec-2018
mz20,GOVT. DINTHAR HIGH SCHOOL,2031020,[u'Geometric Reasoning Part I'],gr1-unit1-concept-of-shape,brown-dolphin-mz20,21161,,Yes,[21165],4,1,25.0,14,5,35.714285714285715,2018-11-02 11:11:00,mz,2018-11-02,2031020-mz20,2,0,3,0,5,Nov-Dec-2018
mz20,GOVT. DINTHAR HIGH SCHOOL,2031020,[u'Geometric Reasoning Part I'],gr1-unit1-concept-of-shape,brown-duck-mz20,21164,,Yes,[],4,1,25.0,14,3,21.428571428571427,2018-11-02 11:11:00,mz,2018-11-02,2031020-mz20,2,0,3,0,5,Nov-Dec-2018
mz20,GOVT. DINTHAR HIGH SCHOOL,2031020,[u'Geometric Reasoning Part I'],gr1-unit1-concept-of-shape,brown-duck-mz20,21164,,Yes,[],4,1,25.0,14,3,21.428571428571427,2018-11-02 11:11:00,mz,2018-11-02,2031020-mz20,2,0,3,0,5,Nov-Dec-2018
mz20,GOVT. DINTHAR HIGH SCHOOL,2031020,[u'Geometric Reasoning Part I'],gr1-unit1-concept-of-shape,brown-eagle-mz20,21165,,Yes,[],4,1,25.0,14,5,35.714285714285715,2018-11-02 11:11:00,mz,2018-11-02,2031020-mz20,2,0,3,0,5,Nov-Dec-2018
mz20,GOVT. DINTHAR HIGH SCHOOL,2031020,[u'Geometric Reasoning Part I'],gr1-unit1-concept-of-shape,brown-eagle-mz20,21165,,Yes,[],4,1,25.0,14,5,35.714285714285715,2018-11-02 11:11:00,mz,2018-11-02,2031020-mz20,2,0,3,0,5,Nov-Dec-2018
mz20,GOVT. DINTHAR HIGH SCHOOL,2031020,[u'Geometric Reasoning Part I'],gr1-unit1-concept-of-shape,brown-flamingo-mz20,21167,,Yes,[],4,1,25.0,14,6,42.857142857142854,2018-11-02 11:11:00,mz,2018-11-02,2031020-mz20,2,0,3,0,5,Nov-Dec-2018
mz20,GOVT. DINTHAR HIGH SCHOOL,2031020,[u'Geometric Reasoning Part I'],gr1-unit1-concept-of-shape,brown-flamingo-mz20,21167,,Yes,[],4,1,25.0,14,6,42.857142857142854,2018-11-02 11:11:00,mz,2018-11-02,2031020-mz20,2,0,3,0,5,Nov-Dec-2018
mz20,GOVT. DINTHAR HIGH SCHOOL,2031020,[u'Geometric Reasoning Part I'],gr1-unit1-concept-of-shape,brown-grasshopper-mz20,21173,,Yes,[21152],4,1,25.0,14,5,35.714285714285715,2018-11-02 11:11:00,mz,2018-11-02,2031020-mz20,2,0,3,0,5,Nov-Dec-2018
mz20,GOVT. DINTHAR HIGH SCHOOL,2031020,[u'Geometric Reasoning Part I'],gr1-unit1-concept-of-shape,brown-grasshopper-mz20,21173,,Yes,[21152],4,1,25.0,14,5,35.714285714285715,2018-11-02 11:11:00,mz,2018-11-02,2031020-mz20,2,0,3,0,5,Nov-Dec-2018
mz20,GOVT. DINTHAR HIGH SCHOOL,2031020,[u'Geometric Reasoning Part I'],gr1-unit1-concept-of-shape,brown-hen-mz20,21174,,Yes,[21177],4,1,25.0,14,5,35.714285714285715,2018-11-02 11:11:00,mz,2018-11-02,2031020-mz20,2,0,3,0,5,Nov-Dec-2018
mz20,GOVT. DINTHAR HIGH SCHOOL,2031020,[u'Geometric Reasoning Part I'],gr1-unit1-concept-of-shape,brown-hen-mz20,21174,,Yes,[21177],4,1,25.0,14,5,35.714285714285715,2018-11-02 11:11:00,mz,2018-11-02,2031020-mz20,2,0,3,0,5,Nov-Dec-2018
mz20,GOVT. DINTHAR HIGH SCHOOL,2031020,[u'Geometric Reasoning Part I'],gr1-unit1-concept-of-shape,brown-hen-mz20,21174,,Yes,[],4,1,25.0,14,6,42.857142857142854,2018-11-09 11:11:00,mz,2018-11-09,2031020-mz20,2,0,3,0,5,Nov-Dec-2018
mz20,GOVT. DINTHAR HIGH SCHOOL,2031020,[u'Geometric Reasoning Part I'],gr1-unit1-concept-of-shape,brown-hen-mz20,21174,,Yes,[],4,1,25.0,14,6,42.857142857142854,2018-11-09 11:11:00,mz,2018-11-09,2031020-mz20,2,0,3,0,5,Nov-Dec-2018
mz20,GOVT. DINTHAR HIGH SCHOOL,2031020,[u'Geometric Reasoning Part I'],gr1-unit1-concept-of-shape,brown-hippo-mz20,21177,,Yes,[],4,1,25.0,14,3,21.428571428571427,2018-11-02 11:11:00,mz,2018-11-02,2031020-mz20,2,0,3,0,5,Nov-Dec-2018
mz20,GOVT. DINTHAR HIGH SCHOOL,2031020,[u'Geometric Reasoning Part I'],gr1-unit1-concept-of-shape,brown-hippo-mz20,21177,,Yes,[],4,1,25.0,14,3,21.428571428571427,2018-11-02 11:11:00,mz,2018-11-02,2031020-mz20,2,0,3,0,5,Nov-Dec-2018
mz20,GOVT. DINTHAR HIGH SCHOOL,2031020,[u'Geometric Reasoning Part I'],gr1-unit1-concept-of-shape,brown-hippo-mz20,21177,,Yes,[],4,1,25.0,14,4,28.57142857142857,2018-11-09 11:11:00,mz,2018-11-09,2031020-mz20,2,0,3,0,5,Nov-Dec-2018
mz20,GOVT. DINTHAR HIGH SCHOOL,2031020,[u'Geometric Reasoning Part I'],gr1-unit1-concept-of-shape,brown-hippo-mz20,21177,,Yes,[],4,1,25.0,14,4,28.57142857142857,2018-11-09 11:11:00,mz,2018-11-09,2031020-mz20,2,0,3,0,5,Nov-Dec-2018
mz20,GOVT. DINTHAR HIGH SCHOOL,2031020,[u'Geometric Reasoning Part I'],gr1-unit1-concept-of-shape,brown-horse-mz20,21179,,Yes,[],4,0,0.0,14,4,28.57142857142857,2018-11-02 11:11:00,mz,2018-11-02,2031020-mz20,2,0,3,0,5,Nov-Dec-2018
mz20,GOVT. DINTHAR HIGH SCHOOL,2031020,[u'Geometric Reasoning Part I'],gr1-unit1-concept-of-shape,brown-horse-mz20,21179,,Yes,[],4,0,0.0,14,4,28.57142857142857,2018-11-02 11:11:00,mz,2018-11-02,2031020-mz20,2,0,3,0,5,Nov-Dec-2018
mz20,GOVT. DINTHAR HIGH SCHOOL,2031020,[u'Geometric Reasoning Part I'],gr1-unit1-concept-of-shape,brown-horse-mz20,21179,,Yes,[],4,0,0.0,14,5,35.714285714285715,2018-11-09 11:11:00,mz,2018-11-09,2031020-mz20,2,0,3,0,5,Nov-Dec-2018
mz20,GOVT. DINTHAR HIGH SCHOOL,2031020,[u'Geometric Reasoning Part I'],gr1-unit1-concept-of-shape,brown-horse-mz20,21179,,Yes,[],4,0,0.0,14,5,35.714285714285715,2018-11-09 11:11:00,mz,2018-11-09,2031020-mz20,2,0,3,0,5,Nov-Dec-2018
mz20,GOVT. DINTHAR HIGH SCHOOL,2031020,[u'Geometric Reasoning Part I'],gr1-unit1-concept-of-shape,black-cobra-sp100,1260013,,No,[],4,0,0.0,14,0,0.0,2018-11-09 11:11:00,mz,2018-11-09,2031020-mz20,2,0,3,0,5,Nov-Dec-2018
mz20,GOVT. DINTHAR HIGH SCHOOL,2031020,[u'Geometric Reasoning Part I'],gr1-unit1-concept-of-shape,black-cobra-sp100,1260013,,No,[],4,0,0.0,14,0,0.0,2018-11-09 11:11:00,mz,2018-11-09,2031020-mz20,2,0,3,0,5,Nov-Dec-2018
mz20,GOVT. DINTHAR HIGH SCHOOL,2031020,[u'English Beginner'],eb-unit0-english-beginner,brown-bat-mz20,21148,,Yes,[],12,1,8.333333333333332,68,28,41.17647058823529,2018-11-13 11:08:00,mz,2018-11-13,2031020-mz20,2,0,3,0,5,Nov-Dec-2018
mz20,GOVT. DINTHAR HIGH SCHOOL,2031020,[u'English Beginner'],eb-unit0-english-beginner,brown-bear-mz20,21149,,Yes,[21148],12,1,8.333333333333332,68,25,36.76470588235294,2018-11-13 11:08:00,mz,2018-11-13,2031020-mz20,2,0,3,0,5,Nov-Dec-2018
mz20,GOVT. DINTHAR HIGH SCHOOL,2031020,[u'English Beginner'],eb-unit0-english-beginner,brown-beatle-mz20,21150,,Yes,[],12,4,33.33333333333333,68,33,48.529411764705884,2018-11-13 11:08:00,mz,2018-11-13,2031020-mz20,2,0,3,0,5,Nov-Dec-2018
mz20,GOVT. DINTHAR HIGH SCHOOL,2031020,[u'English Beginner'],eb-unit0-english-beginner,brown-bulbul-mz20,21151,,Yes,[21159],12,1,8.333333333333332,68,17,25.0,2018-11-13 11:08:00,mz,2018-11-13,2031020-mz20,2,0,3,0,5,Nov-Dec-2018
mz20,GOVT. DINTHAR HIGH SCHOOL,2031020,[u'English Beginner'],eb-unit0-english-beginner,brown-bull-mz20,21152,,Yes,[],12,1,8.333333333333332,68,16,23.529411764705877,2018-11-13 11:08:00,mz,2018-11-13,2031020-mz20,2,0,3,0,5,Nov-Dec-2018
mz20,GOVT. DINTHAR HIGH SCHOOL,2031020,[u'English Beginner'],eb-unit0-english-beginner,brown-butterfly-mz20,21153,,Yes,[],12,2,16.666666666666664,68,27,39.70588235294117,2018-11-13 11:08:00,mz,2018-11-13,2031020-mz20,2,0,3,0,5,Nov-Dec-2018
mz20,GOVT. DINTHAR HIGH SCHOOL,2031020,[u'English Beginner'],eb-unit0-english-beginner,brown-cheetah-mz20,21156,Grade 9,Yes,[],12,3,25.0,68,31,45.58823529411765,2018-11-13 11:08:00,mz,2018-11-13,2031020-mz20,2,0,3,0,5,Nov-Dec-2018
mz20,GOVT. DINTHAR HIGH SCHOOL,2031020,[u'English Beginner'],eb-unit0-english-beginner,brown-deer-mz20,21159,,Yes,[],12,2,16.666666666666664,68,26,38.23529411764706,2018-11-13 11:08:00,mz,2018-11-13,2031020-mz20,2,0,3,0,5,Nov-Dec-2018
mz20,GOVT. DINTHAR HIGH SCHOOL,2031020,[u'English Beginner'],eb-unit0-english-beginner,brown-dog-mz20,21160,,Yes,"[21153, 21156, 21167]",12,2,16.666666666666664,68,21,30.882352941176467,2018-11-13 11:08:00,mz,2018-11-13,2031020-mz20,2,0,3,0,5,Nov-Dec-2018
mz20,GOVT. DINTHAR HIGH SCHOOL,2031020,[u'English Beginner'],eb-unit0-english-beginner,brown-dolphin-mz20,21161,,Yes,[21165],12,3,25.0,68,31,45.58823529411765,2018-11-13 11:08:00,mz,2018-11-13,2031020-mz20,2,0,3,0,5,Nov-Dec-2018
mz20,GOVT. DINTHAR HIGH SCHOOL,2031020,[u'English Beginner'],eb-unit0-english-beginner,brown-dragon-mz20,21163,,Yes,"[21164, 21171]",12,3,25.0,68,30,44.11764705882353,2018-11-13 11:08:00,mz,2018-11-13,2031020-mz20,2,0,3,0,5,Nov-Dec-2018
mz20,GOVT. DINTHAR HIGH SCHOOL,2031020,[u'English Beginner'],eb-unit0-english-beginner,brown-duck-mz20,21164,,Yes,[],12,4,33.33333333333333,68,33,48.529411764705884,2018-11-13 11:08:00,mz,2018-11-13,2031020-mz20,2,0,3,0,5,Nov-Dec-2018
mz20,GOVT. DINTHAR HIGH SCHOOL,2031020,[u'English Beginner'],eb-unit0-english-beginner,brown-eagle-mz20,21165,,Yes,[],12,3,25.0,68,30,44.11764705882353,2018-11-13 11:08:00,mz,2018-11-13,2031020-mz20,2,0,3,0,5,Nov-Dec-2018
mz20,GOVT. DINTHAR HIGH SCHOOL,2031020,[u'English Beginner'],eb-unit0-english-beginner,brown-flamingo-mz20,21167,,Yes,[],12,3,25.0,68,31,45.58823529411765,2018-11-13 11:08:00,mz,2018-11-13,2031020-mz20,2,0,3,0,5,Nov-Dec-2018
mz20,GOVT. DINTHAR HIGH SCHOOL,2031020,[u'English Beginner'],eb-unit0-english-beginner,brown-goat-mz20,21171,,Yes,[],12,3,25.0,68,27,39.70588235294117,2018-11-13 11:08:00,mz,2018-11-13,2031020-mz20,2,0,3,0,5,Nov-Dec-2018
mz20,GOVT. DINTHAR HIGH SCHOOL,2031020,[u'English Beginner'],eb-unit0-english-beginner,brown-grasshopper-mz20,21173,,Yes,[21152],12,1,8.333333333333332,68,25,36.76470588235294,2018-11-13 11:08:00,mz,2018-11-13,2031020-mz20,2,0,3,0,5,Nov-Dec-2018
mz20,GOVT. DINTHAR HIGH SCHOOL,2031020,[u'English Beginner'],eb-unit0-english-beginner,brown-hen-mz20,21174,,Yes,[],12,2,16.666666666666664,68,27,39.70588235294117,2018-11-13 11:08:00,mz,2018-11-13,2031020-mz20,2,0,3,0,5,Nov-Dec-2018
mz20,GOVT. DINTHAR HIGH SCHOOL,2031020,[u'English Beginner'],eb-unit0-english-beginner,brown-horse-mz20,21179,,Yes,[],12,0,0.0,68,24,35.29411764705883,2018-11-13 11:08:00,mz,2018-11-13,2031020-mz20,2,0,3,0,5,Nov-Dec-2018
mz20,GOVT. DINTHAR HIGH SCHOOL,2031020,[u'Ecosystem'],ecosystem,brown-bear-mz20,21149,,Yes,[],11,2,18.181818181818183,52,5,9.615384615384617,2018-11-09 11:14:00,mz,2018-11-09,2031020-mz20,2,0,3,0,5,Nov-Dec-2018
mz20,GOVT. DINTHAR HIGH SCHOOL,2031020,[u'Ecosystem'],ecosystem,brown-bear-mz20,21149,,Yes,[],11,2,18.181818181818183,52,5,9.615384615384617,2018-11-09 11:14:00,mz,2018-11-09,2031020-mz20,2,0,3,0,5,Nov-Dec-2018
mz20,GOVT. DINTHAR HIGH SCHOOL,2031020,[u'Ecosystem'],ecosystem,brown-bear-mz20,21149,,Yes,[],11,3,27.27272727272727,52,8,15.384615384615385,2018-11-09 12:14:00,mz,2018-11-09,2031020-mz20,2,0,3,0,5,Nov-Dec-2018
mz20,GOVT. DINTHAR HIGH SCHOOL,2031020,[u'Ecosystem'],ecosystem,brown-bear-mz20,21149,,Yes,[],11,3,27.27272727272727,52,8,15.384615384615385,2018-11-09 12:14:00,mz,2018-11-09,2031020-mz20,2,0,3,0,5,Nov-Dec-2018
mz20,GOVT. DINTHAR HIGH SCHOOL,2031020,[u'Ecosystem'],ecosystem,brown-beatle-mz20,21150,,Yes,[],11,2,18.181818181818183,52,5,9.615384615384617,2018-11-09 11:14:00,mz,2018-11-09,2031020-mz20,2,0,3,0,5,Nov-Dec-2018
mz20,GOVT. DINTHAR HIGH SCHOOL,2031020,[u'Ecosystem'],ecosystem,brown-beatle-mz20,21150,,Yes,[],11,2,18.181818181818183,52,5,9.615384615384617,2018-11-09 11:14:00,mz,2018-11-09,2031020-mz20,2,0,3,0,5,Nov-Dec-2018
mz20,GOVT. DINTHAR HIGH SCHOOL,2031020,[u'Ecosystem'],ecosystem,brown-beatle-mz20,21150,,Yes,[],11,3,27.27272727272727,52,8,15.384615384615385,2018-11-09 12:14:00,mz,2018-11-09,2031020-mz20,2,0,3,0,5,Nov-Dec-2018
mz20,GOVT. DINTHAR HIGH SCHOOL,2031020,[u'Ecosystem'],ecosystem,brown-beatle-mz20,21150,,Yes,[],11,3,27.27272727272727,52,8,15.384615384615385,2018-11-09 12:14:00,mz,2018-11-09,2031020-mz20,2,0,3,0,5,Nov-Dec-2018
mz20,GOVT. DINTHAR HIGH SCHOOL,2031020,[u'Ecosystem'],ecosystem,brown-bull-mz20,21152,,Yes,[],11,2,18.181818181818183,52,5,9.615384615384617,2018-11-09 11:14:00,mz,2018-11-09,2031020-mz20,2,0,3,0,5,Nov-Dec-2018
mz20,GOVT. DINTHAR HIGH SCHOOL,2031020,[u'Ecosystem'],ecosystem,brown-bull-mz20,21152,,Yes,[],11,2,18.181818181818183,52,5,9.615384615384617,2018-11-09 11:14:00,mz,2018-11-09,2031020-mz20,2,0,3,0,5,Nov-Dec-2018
mz20,GOVT. DINTHAR HIGH SCHOOL,2031020,[u'Ecosystem'],ecosystem,brown-bull-mz20,21152,,Yes,[],11,3,27.27272727272727,52,8,15.384615384615385,2018-11-09 12:14:00,mz,2018-11-09,2031020-mz20,2,0,3,0,5,Nov-Dec-2018
mz20,GOVT. DINTHAR HIGH SCHOOL,2031020,[u'Ecosystem'],ecosystem,brown-bull-mz20,21152,,Yes,[],11,3,27.27272727272727,52,8,15.384615384615385,2018-11-09 12:14:00,mz,2018-11-09,2031020-mz20,2,0,3,0,5,Nov-Dec-2018
mz20,GOVT. DINTHAR HIGH SCHOOL,2031020,[u'Ecosystem'],ecosystem,brown-butterfly-mz20,21153,,Yes,[],11,2,18.181818181818183,52,5,9.615384615384617,2018-11-09 11:14:00,mz,2018-11-09,2031020-mz20,2,0,3,0,5,Nov-Dec-2018
mz20,GOVT. DINTHAR HIGH SCHOOL,2031020,[u'Ecosystem'],ecosystem,brown-butterfly-mz20,21153,,Yes,[],11,2,18.181818181818183,52,5,9.615384615384617,2018-11-09 11:14:00,mz,2018-11-09,2031020-mz20,2,0,3,0,5,Nov-Dec-2018
mz20,GOVT. DINTHAR HIGH SCHOOL,2031020,[u'Ecosystem'],ecosystem,brown-butterfly-mz20,21153,,Yes,[],11,3,27.27272727272727,52,8,15.384615384615385,2018-11-09 12:14:00,mz,2018-11-09,2031020-mz20,2,0,3,0,5,Nov-Dec-2018
mz20,GOVT. DINTHAR HIGH SCHOOL,2031020,[u'Ecosystem'],ecosystem,brown-butterfly-mz20,21153,,Yes,[],11,3,27.27272727272727,52,8,15.384615384615385,2018-11-09 12:14:00,mz,2018-11-09,2031020-mz20,2,0,3,0,5,Nov-Dec-2018
mz20,GOVT. DINTHAR HIGH SCHOOL,2031020,[u'Ecosystem'],ecosystem,brown-cheetah-mz20,21156,Grade 9,Yes,"[21160, 21167]",11,2,18.181818181818183,52,5,9.615384615384617,2018-11-09 11:14:00,mz,2018-11-09,2031020-mz20,2,0,3,0,5,Nov-Dec-2018
mz20,GOVT. DINTHAR HIGH SCHOOL,2031020,[u'Ecosystem'],ecosystem,brown-cheetah-mz20,21156,Grade 9,Yes,"[21160, 21167]",11,2,18.181818181818183,52,5,9.615384615384617,2018-11-09 11:14:00,mz,2018-11-09,2031020-mz20,2,0,3,0,5,Nov-Dec-2018
mz20,GOVT. DINTHAR HIGH SCHOOL,2031020,[u'Ecosystem'],ecosystem,brown-cheetah-mz20,21156,Grade 9,Yes,[],11,4,36.36363636363637,52,11,21.15384615384616,2018-11-09 12:14:00,mz,2018-11-09,2031020-mz20,2,0,3,0,5,Nov-Dec-2018
mz20,GOVT. DINTHAR HIGH SCHOOL,2031020,[u'Ecosystem'],ecosystem,brown-cheetah-mz20,21156,Grade 9,Yes,[],11,4,36.36363636363637,52,11,21.15384615384616,2018-11-09 12:14:00,mz,2018-11-09,2031020-mz20,2,0,3,0,5,Nov-Dec-2018
mz20,GOVT. DINTHAR HIGH SCHOOL,2031020,[u'Ecosystem'],ecosystem,brown-dog-mz20,21160,,Yes,[],11,2,18.181818181818183,52,5,9.615384615384617,2018-11-09 11:14:00,mz,2018-11-09,2031020-mz20,2,0,3,0,5,Nov-Dec-2018
mz20,GOVT. DINTHAR HIGH SCHOOL,2031020,[u'Ecosystem'],ecosystem,brown-dog-mz20,21160,,Yes,[],11,2,18.181818181818183,52,5,9.615384615384617,2018-11-09 11:14:00,mz,2018-11-09,2031020-mz20,2,0,3,0,5,Nov-Dec-2018
mz20,GOVT. DINTHAR HIGH SCHOOL,2031020,[u'Ecosystem'],ecosystem,brown-dog-mz20,21160,,Yes,[],11,4,36.36363636363637,52,11,21.15384615384616,2018-11-09 12:14:00,mz,2018-11-09,2031020-mz20,2,0,3,0,5,Nov-Dec-2018
mz20,GOVT. DINTHAR HIGH SCHOOL,2031020,[u'Ecosystem'],ecosystem,brown-dog-mz20,21160,,Yes,[],11,4,36.36363636363637,52,11,21.15384615384616,2018-11-09 12:14:00,mz,2018-11-09,2031020-mz20,2,0,3,0,5,Nov-Dec-2018
mz20,GOVT. DINTHAR HIGH SCHOOL,2031020,[u'Ecosystem'],ecosystem,brown-dragon-mz20,21163,,Yes,"[21164, 21171]",11,2,18.181818181818183,52,5,9.615384615384617,2018-11-09 11:14:00,mz,2018-11-09,2031020-mz20,2,0,3,0,5,Nov-Dec-2018
mz20,GOVT. DINTHAR HIGH SCHOOL,2031020,[u'Ecosystem'],ecosystem,brown-dragon-mz20,21163,,Yes,"[21164, 21171]",11,2,18.181818181818183,52,5,9.615384615384617,2018-11-09 11:14:00,mz,2018-11-09,2031020-mz20,2,0,3,0,5,Nov-Dec-2018
mz20,GOVT. DINTHAR HIGH SCHOOL,2031020,[u'Ecosystem'],ecosystem,brown-dragon-mz20,21163,,Yes,[],11,3,27.27272727272727,52,8,15.384615384615385,2018-11-09 12:14:00,mz,2018-11-09,2031020-mz20,2,0,3,0,5,Nov-Dec-2018
mz20,GOVT. DINTHAR HIGH SCHOOL,2031020,[u'Ecosystem'],ecosystem,brown-dragon-mz20,21163,,Yes,[],11,3,27.27272727272727,52,8,15.384615384615385,2018-11-09 12:14:00,mz,2018-11-09,2031020-mz20,2,0,3,0,5,Nov-Dec-2018
mz20,GOVT. DINTHAR HIGH SCHOOL,2031020,[u'Ecosystem'],ecosystem,brown-duck-mz20,21164,,Yes,[],11,2,18.181818181818183,52,5,9.615384615384617,2018-11-09 11:14:00,mz,2018-11-09,2031020-mz20,2,0,3,0,5,Nov-Dec-2018
mz20,GOVT. DINTHAR HIGH SCHOOL,2031020,[u'Ecosystem'],ecosystem,brown-duck-mz20,21164,,Yes,[],11,2,18.181818181818183,52,5,9.615384615384617,2018-11-09 11:14:00,mz,2018-11-09,2031020-mz20,2,0,3,0,5,Nov-Dec-2018
mz20,GOVT. DINTHAR HIGH SCHOOL,2031020,[u'Ecosystem'],ecosystem,brown-duck-mz20,21164,,Yes,[],11,3,27.27272727272727,52,8,15.384615384615385,2018-11-09 12:14:00,mz,2018-11-09,2031020-mz20,2,0,3,0,5,Nov-Dec-2018
mz20,GOVT. DINTHAR HIGH SCHOOL,2031020,[u'Ecosystem'],ecosystem,brown-duck-mz20,21164,,Yes,[],11,3,27.27272727272727,52,8,15.384615384615385,2018-11-09 12:14:00,mz,2018-11-09,2031020-mz20,2,0,3,0,5,Nov-Dec-2018
mz20,GOVT. DINTHAR HIGH SCHOOL,2031020,[u'Ecosystem'],ecosystem,brown-eagle-mz20,21165,,Yes,[],11,2,18.181818181818183,52,5,9.615384615384617,2018-11-09 11:14:00,mz,2018-11-09,2031020-mz20,2,0,3,0,5,Nov-Dec-2018
mz20,GOVT. DINTHAR HIGH SCHOOL,2031020,[u'Ecosystem'],ecosystem,brown-eagle-mz20,21165,,Yes,[],11,2,18.181818181818183,52,5,9.615384615384617,2018-11-09 11:14:00,mz,2018-11-09,2031020-mz20,2,0,3,0,5,Nov-Dec-2018
mz20,GOVT. DINTHAR HIGH SCHOOL,2031020,[u'Ecosystem'],ecosystem,brown-eagle-mz20,21165,,Yes,[],11,3,27.27272727272727,52,8,15.384615384615385,2018-11-09 12:14:00,mz,2018-11-09,2031020-mz20,2,0,3,0,5,Nov-Dec-2018
mz20,GOVT. DINTHAR HIGH SCHOOL,2031020,[u'Ecosystem'],ecosystem,brown-eagle-mz20,21165,,Yes,[],11,3,27.27272727272727,52,8,15.384615384615385,2018-11-09 12:14:00,mz,2018-11-09,2031020-mz20,2,0,3,0,5,Nov-Dec-2018
mz20,GOVT. DINTHAR HIGH SCHOOL,2031020,[u'Ecosystem'],ecosystem,brown-flamingo-mz20,21167,,Yes,[],11,2,18.181818181818183,52,5,9.615384615384617,2018-11-09 11:14:00,mz,2018-11-09,2031020-mz20,2,0,3,0,5,Nov-Dec-2018
mz20,GOVT. DINTHAR HIGH SCHOOL,2031020,[u'Ecosystem'],ecosystem,brown-flamingo-mz20,21167,,Yes,[],11,2,18.181818181818183,52,5,9.615384615384617,2018-11-09 11:14:00,mz,2018-11-09,2031020-mz20,2,0,3,0,5,Nov-Dec-2018
mz20,GOVT. DINTHAR HIGH SCHOOL,2031020,[u'Ecosystem'],ecosystem,brown-flamingo-mz20,21167,,Yes,[],11,4,36.36363636363637,52,11,21.15384615384616,2018-11-09 12:14:00,mz,2018-11-09,2031020-mz20,2,0,3,0,5,Nov-Dec-2018
mz20,GOVT. DINTHAR HIGH SCHOOL,2031020,[u'Ecosystem'],ecosystem,brown-flamingo-mz20,21167,,Yes,[],11,4,36.36363636363637,52,11,21.15384615384616,2018-11-09 12:14:00,mz,2018-11-09,2031020-mz20,2,0,3,0,5,Nov-Dec-2018
mz20,GOVT. DINTHAR HIGH SCHOOL,2031020,[u'Ecosystem'],ecosystem,brown-goat-mz20,21171,,Yes,[],11,2,18.181818181818183,52,5,9.615384615384617,2018-11-09 11:14:00,mz,2018-11-09,2031020-mz20,2,0,3,0,5,Nov-Dec-2018
mz20,GOVT. DINTHAR HIGH SCHOOL,2031020,[u'Ecosystem'],ecosystem,brown-goat-mz20,21171,,Yes,[],11,2,18.181818181818183,52,5,9.615384615384617,2018-11-09 11:14:00,mz,2018-11-09,2031020-mz20,2,0,3,0,5,Nov-Dec-2018
mz20,GOVT. DINTHAR HIGH SCHOOL,2031020,[u'Ecosystem'],ecosystem,brown-goat-mz20,21171,,Yes,[],11,3,27.27272727272727,52,8,15.384615384615385,2018-11-09 12:14:00,mz,2018-11-09,2031020-mz20,2,0,3,0,5,Nov-Dec-2018
mz20,GOVT. DINTHAR HIGH SCHOOL,2031020,[u'Ecosystem'],ecosystem,brown-goat-mz20,21171,,Yes,[],11,3,27.27272727272727,52,8,15.384615384615385,2018-11-09 12:14:00,mz,2018-11-09,2031020-mz20,2,0,3,0,5,Nov-Dec-2018
mz20,GOVT. DINTHAR HIGH SCHOOL,2031020,[u'Ecosystem'],ecosystem,brown-grasshopper-mz20,21173,,Yes,[21152],11,2,18.181818181818183,52,5,9.615384615384617,2018-11-09 11:14:00,mz,2018-11-09,2031020-mz20,2,0,3,0,5,Nov-Dec-2018
mz20,GOVT. DINTHAR HIGH SCHOOL,2031020,[u'Ecosystem'],ecosystem,brown-grasshopper-mz20,21173,,Yes,[21152],11,2,18.181818181818183,52,5,9.615384615384617,2018-11-09 11:14:00,mz,2018-11-09,2031020-mz20,2,0,3,0,5,Nov-Dec-2018
mz20,GOVT. DINTHAR HIGH SCHOOL,2031020,[u'Ecosystem'],ecosystem,brown-grasshopper-mz20,21173,,Yes,[],11,3,27.27272727272727,52,8,15.384615384615385,2018-11-09 12:14:00,mz,2018-11-09,2031020-mz20,2,0,3,0,5,Nov-Dec-2018
mz20,GOVT. DINTHAR HIGH SCHOOL,2031020,[u'Ecosystem'],ecosystem,brown-grasshopper-mz20,21173,,Yes,[],11,3,27.27272727272727,52,8,15.384615384615385,2018-11-09 12:14:00,mz,2018-11-09,2031020-mz20,2,0,3,0,5,Nov-Dec-2018
mz20,GOVT. DINTHAR HIGH SCHOOL,2031020,[u'Ecosystem'],ecosystem,brown-hen-mz20,21174,,Yes,[],11,2,18.181818181818183,52,5,9.615384615384617,2018-11-09 11:14:00,mz,2018-11-09,2031020-mz20,2,0,3,0,5,Nov-Dec-2018
mz20,GOVT. DINTHAR HIGH SCHOOL,2031020,[u'Ecosystem'],ecosystem,brown-hen-mz20,21174,,Yes,[],11,2,18.181818181818183,52,5,9.615384615384617,2018-11-09 11:14:00,mz,2018-11-09,2031020-mz20,2,0,3,0,5,Nov-Dec-2018
mz20,GOVT. DINTHAR HIGH SCHOOL,2031020,[u'Ecosystem'],ecosystem,brown-hen-mz20,21174,,Yes,[],11,3,27.27272727272727,52,8,15.384615384615385,2018-11-09 12:14:00,mz,2018-11-09,2031020-mz20,2,0,3,0,5,Nov-Dec-2018
mz20,GOVT. DINTHAR HIGH SCHOOL,2031020,[u'Ecosystem'],ecosystem,brown-hen-mz20,21174,,Yes,[],11,3,27.27272727272727,52,8,15.384615384615385,2018-11-09 12:14:00,mz,2018-11-09,2031020-mz20,2,0,3,0,5,Nov-Dec-2018
mz20,GOVT. DINTHAR HIGH SCHOOL,2031020,[u'Ecosystem'],ecosystem,brown-horse-mz20,21179,,Yes,[],11,2,18.181818181818183,52,5,9.615384615384617,2018-11-09 11:14:00,mz,2018-11-09,2031020-mz20,2,0,3,0,5,Nov-Dec-2018
mz20,GOVT. DINTHAR HIGH SCHOOL,2031020,[u'Ecosystem'],ecosystem,brown-horse-mz20,21179,,Yes,[],11,2,18.181818181818183,52,5,9.615384615384617,2018-11-09 11:14:00,mz,2018-11-09,2031020-mz20,2,0,3,0,5,Nov-Dec-2018
mz20,GOVT. DINTHAR HIGH SCHOOL,2031020,[u'Ecosystem'],ecosystem,brown-horse-mz20,21179,,Yes,[],11,3,27.27272727272727,52,8,15.384615384615385,2018-11-09 12:14:00,mz,2018-11-09,2031020-mz20,2,0,3,0,5,Nov-Dec-2018
mz20,GOVT. DINTHAR HIGH SCHOOL,2031020,[u'Ecosystem'],ecosystem,brown-horse-mz20,21179,,Yes,[],11,3,27.27272727272727,52,8,15.384615384615385,2018-11-09 12:14:00,mz,2018-11-09,2031020-mz20,2,0,3,0,5,Nov-Dec-2018
