,school_code,level_1,module_name,duration_weeks,event
0,1011001.0,0,Atomic_Structure,23.0,1
1,1011001.0,1,Basic_Astronomy,22.0,1
2,1011001.0,2,Ecosystem,11.0,1
3,1011001.0,3,English_Beginner,23.0,1
4,1011001.0,4,English_Elementary,22.0,1
5,1011001.0,5,Geometric_Reasoning_Part_I,21.0,1
6,1011001.0,6,Geometric_Reasoning_Part_II,0.0,1
7,1011001.0,7,Health_and_Disease,19.0,1
8,1011001.0,8,Linear_Equations,21.0,1
11,1011001.0,11,Proportional_Reasoning,6.0,1
12,1011001.0,12,Reflecting_on_Values,8.0,1
13,1011001.0,13,Sound,23.0,1
14,1011001.0,14,Understanding_Motion,23.0,1
15,1011003.0,0,Geometric_Reasoning_Part_I,18.0,1
16,1011003.0,1,Geometric_Reasoning_Part_II,8.0,1
17,1011003.0,2,Health_and_Disease,0.0,1
18,1011004.0,0,Atomic_Structure,0.0,1
19,1011004.0,1,Basic_Astronomy,11.0,1
20,1011004.0,2,English_Beginner,21.0,1
21,1011004.0,3,English_Elementary,22.0,1
22,1011004.0,4,Geometric_Reasoning_Part_I,4.0,1
23,1011004.0,5,Geometric_Reasoning_Part_II,0.0,1
24,1011004.0,6,Health_and_Disease,0.0,1
25,1011004.0,7,Linear_Equations,0.0,1
28,1011004.0,10,Sound,0.0,1
29,1011004.0,11,Understanding_Motion,18.0,1
30,1011005.0,0,Atomic_Structure,0.0,1
31,1011005.0,1,Basic_Astronomy,16.0,1
32,1011005.0,2,Ecosystem,0.0,1
33,1011005.0,3,English_Beginner,21.0,1
34,1011005.0,4,English_Elementary,21.0,1
35,1011005.0,5,Geometric_Reasoning_Part_I,3.0,1
36,1011005.0,6,Geometric_Reasoning_Part_II,0.0,1
37,1011005.0,7,Health_and_Disease,0.0,1
38,1011005.0,8,Linear_Equations,0.0,1
41,1011005.0,11,Sound,6.0,1
42,1011005.0,12,Understanding_Motion,16.0,1
43,1011006.0,0,Atomic_Structure,10.0,1
44,1011006.0,1,Basic_Astronomy,17.0,1
45,1011006.0,2,Ecosystem,1.0,1
46,1011006.0,3,English_Beginner,16.0,1
47,1011006.0,4,English_Elementary,17.0,1
48,1011006.0,5,Geometric_Reasoning_Part_I,11.0,1
49,1011006.0,6,Geometric_Reasoning_Part_II,0.0,1
50,1011006.0,7,Health_and_Disease,10.0,1
52,1011006.0,9,Proportional_Reasoning,7.0,1
53,1011006.0,10,Reflecting_on_Values,0.0,1
54,1011006.0,11,Sound,10.0,1
55,1011006.0,12,Understanding_Motion,16.0,1
56,1011007.0,0,Atomic_Structure,18.0,1
57,1011007.0,1,Basic_Astronomy,17.0,1
58,1011007.0,2,English_Beginner,18.0,1
59,1011007.0,3,English_Elementary,18.0,1
60,1011007.0,4,Geometric_Reasoning_Part_I,0.0,1
61,1011007.0,5,Geometric_Reasoning_Part_II,0.0,1
62,1011007.0,6,Linear_Equations,18.0,1
65,1011007.0,9,Reflecting_on_Values,0.0,1
66,1011007.0,10,Sound,0.0,1
67,1011007.0,11,Understanding_Motion,18.0,1
68,1011008.0,0,Atomic_Structure,0.0,1
69,1011008.0,1,Basic_Astronomy,11.0,1
70,1011008.0,2,English_Beginner,11.0,1
71,1011008.0,3,English_Elementary,11.0,1
72,1011008.0,4,Geometric_Reasoning_Part_I,0.0,1
73,1011008.0,5,Geometric_Reasoning_Part_II,0.0,1
74,1011008.0,6,Linear_Equations,0.0,1
77,1011008.0,9,Sound,0.0,1
78,1011008.0,10,Understanding_Motion,0.0,1
79,1011009.0,0,Atomic_Structure,0.0,1
80,1011009.0,1,Basic_Astronomy,17.0,1
81,1011009.0,2,Ecosystem,0.0,1
82,1011009.0,3,English_Beginner,21.0,1
83,1011009.0,4,English_Elementary,17.0,1
84,1011009.0,5,Geometric_Reasoning_Part_I,21.0,1
85,1011009.0,6,Geometric_Reasoning_Part_II,17.0,1
86,1011009.0,7,Health_and_Disease,6.0,1
87,1011009.0,8,Linear_Equations,0.0,1
90,1011009.0,11,Proportional_Reasoning,9.0,1
91,1011009.0,12,Reflecting_on_Values,0.0,1
92,1011009.0,13,Sound,17.0,1
93,1011009.0,14,Understanding_Motion,11.0,1
94,1011010.0,0,Atomic_Structure,11.0,1
95,1011010.0,1,Basic_Astronomy,11.0,1
96,1011010.0,2,Ecosystem,0.0,1
97,1011010.0,3,English_Beginner,11.0,1
98,1011010.0,4,English_Elementary,11.0,1
99,1011010.0,5,Geometric_Reasoning_Part_I,4.0,1
100,1011010.0,6,Geometric_Reasoning_Part_II,11.0,1
101,1011010.0,7,Linear_Equations,0.0,1
104,1011010.0,10,Proportional_Reasoning,0.0,1
105,1011010.0,11,Reflecting_on_Values,0.0,1
106,1011010.0,12,Sound,11.0,1
107,1011010.0,13,Understanding_Motion,11.0,1
108,1011011.0,0,Atomic_Structure,0.0,1
109,1011011.0,1,Basic_Astronomy,0.0,1
110,1011011.0,2,English_Beginner,17.0,1
111,1011011.0,3,English_Elementary,14.0,1
112,1011011.0,4,Geometric_Reasoning_Part_I,12.0,1
113,1011011.0,5,Geometric_Reasoning_Part_II,7.0,1
114,1011011.0,6,Linear_Equations,0.0,1
117,1011011.0,9,Proportional_Reasoning,13.0,1
118,1011011.0,10,Sound,0.0,1
119,1011011.0,11,Understanding_Motion,0.0,1
120,1011013.0,0,Atomic_Structure,13.0,1
121,1011013.0,1,Basic_Astronomy,13.0,1
122,1011013.0,2,English_Beginner,0.0,1
123,1011013.0,3,English_Elementary,0.0,1
124,1011013.0,4,Geometric_Reasoning_Part_I,13.0,1
125,1011013.0,5,Geometric_Reasoning_Part_II,13.0,1
126,1011013.0,6,Linear_Equations,13.0,1
129,1011013.0,9,Reflecting_on_Values,0.0,1
130,1011013.0,10,Sound,0.0,1
131,1011013.0,11,Understanding_Motion,13.0,1
132,1011014.0,0,Atomic_Structure,11.0,1
133,1011014.0,1,Basic_Astronomy,9.0,1
134,1011014.0,2,Ecosystem,0.0,1
135,1011014.0,3,English_Beginner,13.0,1
136,1011014.0,4,English_Elementary,13.0,1
137,1011014.0,5,Geometric_Reasoning_Part_I,13.0,1
138,1011014.0,6,Geometric_Reasoning_Part_II,10.0,1
139,1011014.0,7,Health_and_Disease,9.0,1
140,1011014.0,8,Linear_Equations,8.0,1
143,1011014.0,11,Sound,16.0,1
144,1011014.0,12,Understanding_Motion,6.0,1
145,1011016.0,0,Atomic_Structure,6.0,1
146,1011016.0,1,Basic_Astronomy,8.0,1
147,1011016.0,2,Ecosystem,0.0,1
148,1011016.0,3,English_Beginner,8.0,1
149,1011016.0,4,English_Elementary,6.0,1
150,1011016.0,5,Geometric_Reasoning_Part_I,8.0,1
151,1011016.0,6,Geometric_Reasoning_Part_II,8.0,1
152,1011016.0,7,Health_and_Disease,0.0,1
153,1011016.0,8,Linear_Equations,8.0,1
156,1011016.0,11,Proportional_Reasoning,1.0,1
157,1011016.0,12,Reflecting_on_Values,1.0,1
158,1011016.0,13,Sound,6.0,1
159,1011016.0,14,Understanding_Motion,7.0,1
160,1011017.0,0,Atomic_Structure,15.0,1
161,1011017.0,1,Basic_Astronomy,13.0,1
162,1011017.0,2,Ecosystem,2.0,1
163,1011017.0,3,English_Beginner,0.0,1
164,1011017.0,4,English_Elementary,13.0,1
165,1011017.0,5,Geometric_Reasoning_Part_I,0.0,1
166,1011017.0,6,Geometric_Reasoning_Part_II,0.0,1
167,1011017.0,7,Health_and_Disease,6.0,1
168,1011017.0,8,Linear_Equations,0.0,1
171,1011017.0,11,Proportional_Reasoning,0.0,1
172,1011017.0,12,Sound,15.0,1
173,1011017.0,13,Understanding_Motion,0.0,1
174,1011018.0,0,Atomic_Structure,13.0,1
175,1011018.0,1,Basic_Astronomy,2.0,1
176,1011018.0,2,Ecosystem,13.0,1
177,1011018.0,3,English_Beginner,13.0,1
178,1011018.0,4,English_Elementary,19.0,1
179,1011018.0,5,Geometric_Reasoning_Part_I,14.0,1
180,1011018.0,6,Geometric_Reasoning_Part_II,5.0,1
181,1011018.0,7,Health_and_Disease,13.0,1
182,1011018.0,8,Linear_Equations,0.0,1
185,1011018.0,11,Proportional_Reasoning,19.0,1
186,1011018.0,12,Sound,12.0,1
187,1011018.0,13,Understanding_Motion,18.0,1
188,1011019.0,0,Atomic_Structure,0.0,1
189,1011019.0,1,Basic_Astronomy,0.0,1
190,1011019.0,2,English_Beginner,2.0,1
191,1011019.0,3,English_Elementary,5.0,1
192,1011019.0,4,Geometric_Reasoning_Part_I,9.0,1
193,1011019.0,5,Geometric_Reasoning_Part_II,8.0,1
194,1011019.0,6,Linear_Equations,0.0,1
197,1011019.0,9,Sound,19.0,1
198,1011019.0,10,Understanding_Motion,0.0,1
199,1011020.0,0,Atomic_Structure,1.0,1
200,1011020.0,1,Basic_Astronomy,2.0,1
201,1011020.0,2,Ecosystem,0.0,1
202,1011020.0,3,English_Beginner,9.0,1
203,1011020.0,4,English_Elementary,4.0,1
204,1011020.0,5,Geometric_Reasoning_Part_I,11.0,1
205,1011020.0,6,Geometric_Reasoning_Part_II,5.0,1
206,1011020.0,7,Health_and_Disease,0.0,1
208,1011020.0,9,Proportional_Reasoning,1.0,1
209,1011020.0,10,Reflecting_on_Values,0.0,1
210,1011020.0,11,Sound,1.0,1
211,1011020.0,12,Understanding_Motion,1.0,1
212,1011022.0,0,Atomic_Structure,17.0,1
213,1011022.0,1,Basic_Astronomy,17.0,1
214,1011022.0,2,Ecosystem,1.0,1
215,1011022.0,3,English_Beginner,21.0,1
216,1011022.0,4,English_Elementary,0.0,1
217,1011022.0,5,Geometric_Reasoning_Part_I,12.0,1
218,1011022.0,6,Geometric_Reasoning_Part_II,17.0,1
219,1011022.0,7,Health_and_Disease,4.0,1
220,1011022.0,8,Linear_Equations,17.0,1
223,1011022.0,11,Proportional_Reasoning,0.0,1
224,1011022.0,12,Reflecting_on_Values,1.0,1
225,1011022.0,13,Sound,17.0,1
226,1011022.0,14,Understanding_Motion,17.0,1
227,1011024.0,0,Atomic_Structure,0.0,1
228,1011024.0,1,Basic_Astronomy,0.0,1
229,1011024.0,2,English_Beginner,0.0,1
230,1011024.0,3,English_Elementary,0.0,1
231,1011024.0,4,Geometric_Reasoning_Part_I,11.0,1
232,1011024.0,5,Geometric_Reasoning_Part_II,7.0,1
233,1011024.0,6,Linear_Equations,0.0,1
236,1011024.0,9,Proportional_Reasoning,0.0,1
237,1011024.0,10,Sound,0.0,1
238,1011024.0,11,Understanding_Motion,0.0,1
239,1011026.0,0,Atomic_Structure,0.0,1
240,1011026.0,1,Basic_Astronomy,0.0,1
241,1011026.0,2,English_Beginner,0.0,1
242,1011026.0,3,English_Elementary,0.0,1
243,1011026.0,4,Geometric_Reasoning_Part_I,0.0,1
244,1011026.0,5,Geometric_Reasoning_Part_II,0.0,1
245,1011026.0,6,Linear_Equations,0.0,1
248,1011026.0,9,Sound,0.0,1
249,1011026.0,10,Understanding_Motion,0.0,1
250,1011028.0,0,Atomic_Structure,5.0,1
251,1011028.0,1,Basic_Astronomy,10.0,1
252,1011028.0,2,English_Beginner,13.0,1
253,1011028.0,3,English_Elementary,21.0,1
254,1011028.0,4,Geometric_Reasoning_Part_I,13.0,1
255,1011028.0,5,Geometric_Reasoning_Part_II,0.0,1
256,1011028.0,6,Health_and_Disease,5.0,1
257,1011028.0,7,Linear_Equations,0.0,1
260,1011028.0,10,Proportional_Reasoning,1.0,1
261,1011028.0,11,Reflecting_on_Values,0.0,1
262,1011028.0,12,Sound,6.0,1
263,1011028.0,13,Understanding_Motion,6.0,1
264,2031002.0,0,Atomic_Structure,10.0,1
265,2031002.0,1,Basic_Astronomy,0.0,1
266,2031002.0,2,Ecosystem,0.0,1
267,2031002.0,3,English_Beginner,2.0,1
268,2031002.0,4,English_Elementary,2.0,1
269,2031002.0,5,Geometric_Reasoning_Part_I,13.0,1
270,2031002.0,6,Geometric_Reasoning_Part_II,0.0,1
271,2031002.0,7,Linear_Equations,0.0,1
274,2031002.0,10,Proportional_Reasoning,8.0,1
275,2031002.0,11,Sound,0.0,1
276,2031002.0,12,Understanding_Motion,10.0,1
277,2031003.0,0,Atomic_Structure,2.0,1
278,2031003.0,1,Basic_Astronomy,6.0,1
279,2031003.0,2,Ecosystem,1.0,1
280,2031003.0,3,English_Beginner,2.0,1
281,2031003.0,4,English_Elementary,0.0,1
282,2031003.0,5,Geometric_Reasoning_Part_I,5.0,1
283,2031003.0,6,Geometric_Reasoning_Part_II,0.0,1
284,2031003.0,7,Health_and_Disease,0.0,1
285,2031003.0,8,Linear_Equations,0.0,1
288,2031003.0,11,Proportional_Reasoning,2.0,1
289,2031003.0,12,Sound,0.0,1
290,2031003.0,13,Understanding_Motion,0.0,1
291,2031004.0,0,Atomic_Structure,0.0,1
292,2031004.0,1,English_Beginner,14.0,1
293,2031004.0,2,English_Elementary,0.0,1
294,2031004.0,3,Geometric_Reasoning_Part_I,0.0,1
296,2031004.0,5,Proportional_Reasoning,0.0,1
297,2031005.0,0,Atomic_Structure,0.0,1
298,2031005.0,1,Geometric_Reasoning_Part_I,5.0,1
299,2031005.0,2,Geometric_Reasoning_Part_II,0.0,1
301,2031007.0,0,Atomic_Structure,2.0,1
302,2031007.0,1,Basic_Astronomy,1.0,1
303,2031007.0,2,Ecosystem,0.0,1
304,2031007.0,3,English_Beginner,2.0,1
305,2031007.0,4,English_Elementary,2.0,1
306,2031007.0,5,Geometric_Reasoning_Part_I,4.0,1
307,2031007.0,6,Geometric_Reasoning_Part_II,4.0,1
308,2031007.0,7,Linear_Equations,0.0,1
311,2031007.0,10,Proportional_Reasoning,0.0,1
312,2031007.0,11,Sound,0.0,1
313,2031007.0,12,Understanding_Motion,1.0,1
314,2031008.0,0,English_Beginner,8.0,1
315,2031008.0,1,Proportional_Reasoning,2.0,1
316,2031010.0,0,Atomic_Structure,0.0,1
317,2031010.0,1,Basic_Astronomy,0.0,1
318,2031010.0,2,English_Beginner,0.0,1
319,2031010.0,3,English_Elementary,0.0,1
320,2031010.0,4,Geometric_Reasoning_Part_I,0.0,1
321,2031010.0,5,Geometric_Reasoning_Part_II,0.0,1
322,2031010.0,6,Linear_Equations,0.0,1
325,2031010.0,9,Sound,0.0,1
326,2031010.0,10,Understanding_Motion,0.0,1
327,2031012.0,0,Atomic_Structure,0.0,1
328,2031012.0,1,Basic_Astronomy,0.0,1
329,2031012.0,2,English_Beginner,0.0,1
330,2031012.0,3,English_Elementary,0.0,1
331,2031012.0,4,Geometric_Reasoning_Part_I,9.0,1
332,2031012.0,5,Geometric_Reasoning_Part_II,0.0,1
333,2031012.0,6,Linear_Equations,0.0,1
336,2031012.0,9,Sound,0.0,1
337,2031012.0,10,Understanding_Motion,0.0,1
338,2031017.0,0,Atomic_Structure,14.0,1
339,2031017.0,1,Basic_Astronomy,0.0,1
340,2031017.0,2,English_Beginner,14.0,1
341,2031017.0,3,English_Elementary,13.0,1
342,2031017.0,4,Geometric_Reasoning_Part_I,0.0,1
343,2031017.0,5,Geometric_Reasoning_Part_II,0.0,1
344,2031017.0,6,Linear_Equations,8.0,1
347,2031017.0,9,Proportional_Reasoning,0.0,1
348,2031017.0,10,Sound,0.0,1
349,2031017.0,11,Understanding_Motion,0.0,1
350,2031020.0,0,Atomic_Structure,3.0,1
351,2031020.0,1,Basic_Astronomy,4.0,1
352,2031020.0,2,Ecosystem,17.0,1
353,2031020.0,3,English_Beginner,18.0,1
354,2031020.0,4,Geometric_Reasoning_Part_I,17.0,1
355,2031020.0,5,Linear_Equations,0.0,1
356,2031020.0,6,Sound,0.0,1
357,2031020.0,7,Understanding_Motion,0.0,1
358,2031021.0,0,Atomic_Structure,0.0,1
359,2031021.0,1,Basic_Astronomy,10.0,1
360,2031021.0,2,English_Beginner,18.0,1
361,2031021.0,3,English_Elementary,0.0,1
362,2031021.0,4,Geometric_Reasoning_Part_I,8.0,1
363,2031021.0,5,Geometric_Reasoning_Part_II,0.0,1
364,2031021.0,6,Health_and_Disease,0.0,1
365,2031021.0,7,Linear_Equations,0.0,1
367,2031021.0,9,Proportional_Reasoning,0.0,1
368,2031021.0,10,Sound,0.0,1
369,2031022.0,0,Atomic_Structure,0.0,1
370,2031022.0,1,Basic_Astronomy,0.0,1
371,2031022.0,2,English_Beginner,0.0,1
372,2031022.0,3,English_Elementary,0.0,1
373,2031022.0,4,Geometric_Reasoning_Part_I,7.0,1
374,2031022.0,5,Geometric_Reasoning_Part_II,0.0,1
375,2031022.0,6,Linear_Equations,0.0,1
378,2031022.0,9,Sound,10.0,1
379,2031022.0,10,Understanding_Motion,0.0,1
380,2031027.0,0,Atomic_Structure,9.0,1
381,2031027.0,1,Ecosystem,0.0,1
382,2031027.0,2,English_Beginner,10.0,1
383,2031027.0,3,Geometric_Reasoning_Part_I,10.0,1
384,2031027.0,4,Sound,4.0,1
385,2031028.0,0,Atomic_Structure,0.0,1
386,2031028.0,1,English_Beginner,0.0,1
387,2031028.0,2,Geometric_Reasoning_Part_I,0.0,1
388,2031028.0,3,Geometric_Reasoning_Part_II,0.0,1
390,2031028.0,5,Proportional_Reasoning,0.0,1
391,2031029.0,0,Atomic_Structure,19.0,1
392,2031029.0,1,Basic_Astronomy,18.0,1
393,2031029.0,2,Ecosystem,0.0,1
394,2031029.0,3,English_Beginner,18.0,1
395,2031029.0,4,English_Elementary,19.0,1
396,2031029.0,5,Geometric_Reasoning_Part_I,14.0,1
397,2031029.0,6,Geometric_Reasoning_Part_II,0.0,1
398,2031029.0,7,Health_and_Disease,18.0,1
399,2031029.0,8,Linear_Equations,18.0,1
402,2031029.0,11,Proportional_Reasoning,0.0,1
403,2031029.0,12,Reflecting_on_Values,5.0,1
404,2031029.0,13,Sound,19.0,1
405,2031029.0,14,Understanding_Motion,18.0,1
406,2031030.0,0,Atomic_Structure,0.0,1
407,2031030.0,1,Ecosystem,0.0,1
408,2031030.0,2,English_Beginner,7.0,1
409,2031030.0,3,English_Elementary,8.0,1
410,2031030.0,4,Geometric_Reasoning_Part_I,8.0,1
411,2031030.0,5,Geometric_Reasoning_Part_II,5.0,1
412,2031030.0,6,Health_and_Disease,5.0,1
413,2031030.0,7,Linear_Equations,0.0,1
414,2031030.0,8,Proportional_Reasoning,0.0,1
415,2031030.0,9,Sound,0.0,1
416,2031030.0,10,Understanding_Motion,0.0,1
417,3051001.0,0,Atomic_Structure,12.0,1
418,3051001.0,1,Basic_Astronomy,11.0,1
419,3051001.0,2,Ecosystem,11.0,1
420,3051001.0,3,English_Beginner,10.0,1
421,3051001.0,4,English_Elementary,12.0,1
422,3051001.0,5,Geometric_Reasoning_Part_I,9.0,1
423,3051001.0,6,Geometric_Reasoning_Part_II,9.0,1
424,3051001.0,7,Health_and_Disease,12.0,1
425,3051001.0,8,Linear_Equations,9.0,1
428,3051001.0,11,Proportional_Reasoning,13.0,1
429,3051001.0,12,Reflecting_on_Values,11.0,1
430,3051001.0,13,Sound,11.0,1
431,3051001.0,14,Understanding_Motion,11.0,1
432,3051002.0,0,Atomic_Structure,5.0,1
433,3051002.0,1,Basic_Astronomy,18.0,1
434,3051002.0,2,Ecosystem,5.0,1
435,3051002.0,3,English_Beginner,7.0,1
436,3051002.0,4,English_Elementary,5.0,1
437,3051002.0,5,Geometric_Reasoning_Part_I,8.0,1
438,3051002.0,6,Geometric_Reasoning_Part_II,1.0,1
439,3051002.0,7,Health_and_Disease,0.0,1
441,3051002.0,9,Proportional_Reasoning,1.0,1
442,3051002.0,10,Reflecting_on_Values,0.0,1
443,3051002.0,11,Sound,2.0,1
444,3051002.0,12,Understanding_Motion,4.0,1
445,3051004.0,0,Atomic_Structure,13.0,1
446,3051004.0,1,Basic_Astronomy,13.0,1
447,3051004.0,2,English_Beginner,20.0,1
448,3051004.0,3,English_Elementary,13.0,1
449,3051004.0,4,Geometric_Reasoning_Part_I,13.0,1
450,3051004.0,5,Geometric_Reasoning_Part_II,9.0,1
451,3051004.0,6,Health_and_Disease,3.0,1
452,3051004.0,7,Linear_Equations,13.0,1
455,3051004.0,10,Proportional_Reasoning,0.0,1
456,3051004.0,11,Reflecting_on_Values,0.0,1
457,3051004.0,12,Sound,20.0,1
458,3051004.0,13,Understanding_Motion,20.0,1
459,3051005.0,0,Atomic_Structure,0.0,1
460,3051005.0,1,Basic_Astronomy,0.0,1
461,3051005.0,2,English_Beginner,0.0,1
462,3051005.0,3,English_Elementary,0.0,1
463,3051005.0,4,Geometric_Reasoning_Part_I,0.0,1
464,3051005.0,5,Geometric_Reasoning_Part_II,0.0,1
465,3051005.0,6,Linear_Equations,0.0,1
468,3051005.0,9,Sound,0.0,1
469,3051005.0,10,Understanding_Motion,0.0,1
470,3051006.0,0,Atomic_Structure,19.0,1
471,3051006.0,1,Basic_Astronomy,19.0,1
472,3051006.0,2,Ecosystem,15.0,1
473,3051006.0,3,English_Beginner,19.0,1
474,3051006.0,4,English_Elementary,19.0,1
475,3051006.0,5,Geometric_Reasoning_Part_I,19.0,1
476,3051006.0,6,Geometric_Reasoning_Part_II,19.0,1
477,3051006.0,7,Health_and_Disease,15.0,1
478,3051006.0,8,Linear_Equations,0.0,1
481,3051006.0,11,Proportional_Reasoning,14.0,1
482,3051006.0,12,Reflecting_on_Values,5.0,1
483,3051006.0,13,Sound,0.0,1
484,3051006.0,14,Understanding_Motion,19.0,1
485,3051010.0,0,Atomic_Structure,2.0,1
486,3051010.0,1,Basic_Astronomy,10.0,1
487,3051010.0,2,Ecosystem,16.0,1
488,3051010.0,3,English_Beginner,18.0,1
489,3051010.0,4,English_Elementary,3.0,1
490,3051010.0,5,Geometric_Reasoning_Part_I,14.0,1
491,3051010.0,6,Geometric_Reasoning_Part_II,6.0,1
492,3051010.0,7,Health_and_Disease,0.0,1
493,3051010.0,8,Linear_Equations,6.0,1
496,3051010.0,11,Proportional_Reasoning,3.0,1
497,3051010.0,12,Reflecting_on_Values,0.0,1
498,3051010.0,13,Sound,16.0,1
499,3051010.0,14,Understanding_Motion,2.0,1
500,3051011.0,0,Atomic_Structure,5.0,1
501,3051011.0,1,Basic_Astronomy,7.0,1
502,3051011.0,2,English_Beginner,5.0,1
503,3051011.0,3,English_Elementary,5.0,1
504,3051011.0,4,Geometric_Reasoning_Part_I,5.0,1
505,3051011.0,5,Geometric_Reasoning_Part_II,5.0,1
506,3051011.0,6,Health_and_Disease,0.0,1
507,3051011.0,7,Linear_Equations,5.0,1
510,3051011.0,10,Reflecting_on_Values,2.0,1
511,3051011.0,11,Sound,5.0,1
512,3051011.0,12,Understanding_Motion,0.0,1
513,3051013.0,0,Atomic_Structure,12.0,1
514,3051013.0,1,Basic_Astronomy,0.0,1
515,3051013.0,2,Ecosystem,0.0,1
516,3051013.0,3,English_Beginner,10.0,1
517,3051013.0,4,English_Elementary,1.0,1
518,3051013.0,5,Geometric_Reasoning_Part_I,9.0,1
519,3051013.0,6,Geometric_Reasoning_Part_II,9.0,1
520,3051013.0,7,Health_and_Disease,0.0,1
523,3051013.0,10,Proportional_Reasoning,2.0,1
524,3051013.0,11,Reflecting_on_Values,0.0,1
525,3051013.0,12,Sound,0.0,1
526,3051013.0,13,Understanding_Motion,1.0,1
527,3051014.0,0,Atomic_Structure,0.0,1
528,3051014.0,1,Basic_Astronomy,0.0,1
529,3051014.0,2,English_Beginner,20.0,1
530,3051014.0,3,English_Elementary,0.0,1
531,3051014.0,4,Geometric_Reasoning_Part_I,0.0,1
532,3051014.0,5,Geometric_Reasoning_Part_II,0.0,1
533,3051014.0,6,Linear_Equations,21.0,1
536,3051014.0,9,Sound,0.0,1
537,3051014.0,10,Understanding_Motion,0.0,1
538,3051015.0,0,Atomic_Structure,20.0,1
539,3051015.0,1,Basic_Astronomy,20.0,1
540,3051015.0,2,English_Beginner,20.0,1
541,3051015.0,3,English_Elementary,20.0,1
542,3051015.0,4,Geometric_Reasoning_Part_I,18.0,1
543,3051015.0,5,Geometric_Reasoning_Part_II,0.0,1
544,3051015.0,6,Linear_Equations,20.0,1
547,3051015.0,9,Proportional_Reasoning,0.0,1
548,3051015.0,10,Sound,18.0,1
549,3051015.0,11,Understanding_Motion,20.0,1
550,3051018.0,0,Atomic_Structure,0.0,1
551,3051018.0,1,Basic_Astronomy,13.0,1
552,3051018.0,2,Ecosystem,5.0,1
553,3051018.0,3,English_Beginner,7.0,1
554,3051018.0,4,English_Elementary,13.0,1
555,3051018.0,5,Geometric_Reasoning_Part_I,8.0,1
556,3051018.0,6,Geometric_Reasoning_Part_II,1.0,1
557,3051018.0,7,Health_and_Disease,0.0,1
558,3051018.0,8,Linear_Equations,6.0,1
561,3051018.0,11,Proportional_Reasoning,6.0,1
562,3051018.0,12,Sound,4.0,1
563,3051018.0,13,Understanding_Motion,0.0,1
564,3051019.0,0,Atomic_Structure,0.0,1
565,3051019.0,1,Basic_Astronomy,0.0,1
566,3051019.0,2,English_Beginner,0.0,1
567,3051019.0,3,English_Elementary,0.0,1
568,3051019.0,4,Geometric_Reasoning_Part_I,0.0,1
569,3051019.0,5,Geometric_Reasoning_Part_II,0.0,1
570,3051019.0,6,Linear_Equations,0.0,1
573,3051019.0,9,Sound,0.0,1
574,3051019.0,10,Understanding_Motion,0.0,1
575,3051022.0,0,Atomic_Structure,13.0,1
576,3051022.0,1,Basic_Astronomy,18.0,1
577,3051022.0,2,English_Beginner,18.0,1
578,3051022.0,3,English_Elementary,20.0,1
579,3051022.0,4,Geometric_Reasoning_Part_I,18.0,1
580,3051022.0,5,Geometric_Reasoning_Part_II,13.0,1
581,3051022.0,6,Health_and_Disease,5.0,1
582,3051022.0,7,Linear_Equations,13.0,1
585,3051022.0,10,Reflecting_on_Values,0.0,1
586,3051022.0,11,Sound,18.0,1
587,3051022.0,12,Understanding_Motion,20.0,1
588,3051023.0,0,Atomic_Structure,7.0,1
589,3051023.0,1,Basic_Astronomy,3.0,1
590,3051023.0,2,English_Beginner,3.0,1
591,3051023.0,3,English_Elementary,3.0,1
592,3051023.0,4,Geometric_Reasoning_Part_I,3.0,1
593,3051023.0,5,Geometric_Reasoning_Part_II,3.0,1
594,3051023.0,6,Health_and_Disease,0.0,1
595,3051023.0,7,Linear_Equations,0.0,1
598,3051023.0,10,Reflecting_on_Values,0.0,1
599,3051023.0,11,Sound,3.0,1
600,3051023.0,12,Understanding_Motion,3.0,1
601,3051024.0,0,English_Beginner,1.0,1
602,3051024.0,1,English_Elementary,0.0,1
603,3051024.0,2,Geometric_Reasoning_Part_I,0.0,1
604,3051024.0,3,Linear_Equations,1.0,1
606,3051025.0,0,Atomic_Structure,8.0,1
607,3051025.0,1,Basic_Astronomy,4.0,1
608,3051025.0,2,Ecosystem,0.0,1
609,3051025.0,3,English_Beginner,22.0,1
610,3051025.0,4,English_Elementary,0.0,1
611,3051025.0,5,Geometric_Reasoning_Part_I,18.0,1
612,3051025.0,6,Geometric_Reasoning_Part_II,13.0,1
613,3051025.0,7,Health_and_Disease,13.0,1
614,3051025.0,8,Linear_Equations,0.0,1
616,3051025.0,10,Proportional_Reasoning,4.0,1
617,3051025.0,11,Sound,0.0,1
618,3051026.0,0,Atomic_Structure,13.0,1
619,3051026.0,1,Basic_Astronomy,16.0,1
620,3051026.0,2,Ecosystem,3.0,1
621,3051026.0,3,English_Beginner,11.0,1
622,3051026.0,4,English_Elementary,17.0,1
623,3051026.0,5,Geometric_Reasoning_Part_I,5.0,1
624,3051026.0,6,Geometric_Reasoning_Part_II,1.0,1
625,3051026.0,7,Health_and_Disease,4.0,1
626,3051026.0,8,Linear_Equations,0.0,1
629,3051026.0,11,Proportional_Reasoning,11.0,1
630,3051026.0,12,Reflecting_on_Values,17.0,1
631,3051026.0,13,Sound,4.0,1
632,3051026.0,14,Understanding_Motion,13.0,1
633,3051027.0,0,Atomic_Structure,4.0,1
634,3051027.0,1,Basic_Astronomy,10.0,1
635,3051027.0,2,Ecosystem,4.0,1
636,3051027.0,3,English_Beginner,4.0,1
637,3051027.0,4,English_Elementary,4.0,1
638,3051027.0,5,Geometric_Reasoning_Part_I,4.0,1
639,3051027.0,6,Geometric_Reasoning_Part_II,4.0,1
640,3051027.0,7,Health_and_Disease,4.0,1
641,3051027.0,8,Linear_Equations,0.0,1
643,3051027.0,10,Proportional_Reasoning,4.0,1
644,3051027.0,11,Reflecting_on_Values,3.0,1
645,3051027.0,12,Sound,0.0,1
646,3051027.0,13,Understanding_Motion,4.0,1
647,3051028.0,0,Atomic_Structure,0.0,1
648,3051028.0,1,Basic_Astronomy,2.0,1
649,3051028.0,2,English_Beginner,0.0,1
650,3051028.0,3,English_Elementary,0.0,1
651,3051028.0,4,Geometric_Reasoning_Part_I,2.0,1
652,3051028.0,5,Geometric_Reasoning_Part_II,0.0,1
653,3051028.0,6,Linear_Equations,0.0,1
656,3051028.0,9,Sound,0.0,1
657,3051028.0,10,Understanding_Motion,0.0,1
658,3051030.0,0,Atomic_Structure,13.0,1
659,3051030.0,1,Basic_Astronomy,11.0,1
660,3051030.0,2,English_Beginner,13.0,1
661,3051030.0,3,English_Elementary,13.0,1
662,3051030.0,4,Geometric_Reasoning_Part_I,13.0,1
663,3051030.0,5,Geometric_Reasoning_Part_II,13.0,1
664,3051030.0,6,Health_and_Disease,10.0,1
665,3051030.0,7,Linear_Equations,13.0,1
668,3051030.0,10,Proportional_Reasoning,7.0,1
669,3051030.0,11,Reflecting_on_Values,0.0,1
670,3051030.0,12,Sound,0.0,1
671,3051030.0,13,Understanding_Motion,13.0,1
672,3051031.0,0,Atomic_Structure,10.0,1
673,3051031.0,1,Basic_Astronomy,10.0,1
674,3051031.0,2,Ecosystem,2.0,1
675,3051031.0,3,English_Beginner,10.0,1
676,3051031.0,4,English_Elementary,10.0,1
677,3051031.0,5,Geometric_Reasoning_Part_I,10.0,1
678,3051031.0,6,Geometric_Reasoning_Part_II,10.0,1
679,3051031.0,7,Health_and_Disease,0.0,1
680,3051031.0,8,Linear_Equations,8.0,1
683,3051031.0,11,Proportional_Reasoning,3.0,1
684,3051031.0,12,Reflecting_on_Values,7.0,1
685,3051031.0,13,Sound,10.0,1
686,3051031.0,14,Understanding_Motion,7.0,1
687,3051032.0,0,Atomic_Structure,8.0,1
688,3051032.0,1,Basic_Astronomy,8.0,1
689,3051032.0,2,Ecosystem,9.0,1
690,3051032.0,3,English_Beginner,20.0,1
691,3051032.0,4,English_Elementary,15.0,1
692,3051032.0,5,Geometric_Reasoning_Part_I,16.0,1
693,3051032.0,6,Geometric_Reasoning_Part_II,16.0,1
694,3051032.0,7,Health_and_Disease,14.0,1
695,3051032.0,8,Linear_Equations,8.0,1
698,3051032.0,11,Proportional_Reasoning,14.0,1
699,3051032.0,12,Reflecting_on_Values,9.0,1
700,3051032.0,13,Sound,9.0,1
701,3051032.0,14,Understanding_Motion,11.0,1
702,3051033.0,0,Atomic_Structure,19.0,1
703,3051033.0,1,Basic_Astronomy,19.0,1
704,3051033.0,2,Ecosystem,0.0,1
705,3051033.0,3,English_Beginner,19.0,1
706,3051033.0,4,English_Elementary,13.0,1
707,3051033.0,5,Geometric_Reasoning_Part_I,19.0,1
708,3051033.0,6,Geometric_Reasoning_Part_II,13.0,1
709,3051033.0,7,Health_and_Disease,18.0,1
710,3051033.0,8,Linear_Equations,11.0,1
713,3051033.0,11,Proportional_Reasoning,12.0,1
714,3051033.0,12,Reflecting_on_Values,17.0,1
715,3051033.0,13,Sound,19.0,1
716,3051033.0,14,Understanding_Motion,19.0,1
717,3051036.0,0,Atomic_Structure,0.0,1
718,3051036.0,1,Basic_Astronomy,3.0,1
719,3051036.0,2,Ecosystem,0.0,1
720,3051036.0,3,English_Beginner,0.0,1
721,3051036.0,4,English_Elementary,0.0,1
722,3051036.0,5,Geometric_Reasoning_Part_I,0.0,1
723,3051036.0,6,Geometric_Reasoning_Part_II,0.0,1
724,3051036.0,7,Health_and_Disease,0.0,1
725,3051036.0,8,Linear_Equations,5.0,1
727,3051036.0,10,Reflecting_on_Values,0.0,1
728,3051036.0,11,Sound,9.0,1
729,3051036.0,12,Understanding_Motion,0.0,1
730,3051040.0,0,Atomic_Structure,0.0,1
731,3051040.0,1,Basic_Astronomy,0.0,1
732,3051040.0,2,English_Beginner,0.0,1
733,3051040.0,3,English_Elementary,0.0,1
734,3051040.0,4,Geometric_Reasoning_Part_I,0.0,1
735,3051040.0,5,Geometric_Reasoning_Part_II,0.0,1
736,3051040.0,6,Linear_Equations,0.0,1
739,3051040.0,9,Sound,0.0,1
740,3051040.0,10,Understanding_Motion,0.0,1
741,3051041.0,0,Atomic_Structure,7.0,1
742,3051041.0,1,Basic_Astronomy,0.0,1
743,3051041.0,2,Ecosystem,0.0,1
744,3051041.0,3,English_Beginner,7.0,1
745,3051041.0,4,English_Elementary,7.0,1
746,3051041.0,5,Geometric_Reasoning_Part_I,0.0,1
747,3051041.0,6,Geometric_Reasoning_Part_II,0.0,1
748,3051041.0,7,Linear_Equations,0.0,1
751,3051041.0,10,Reflecting_on_Values,0.0,1
752,3051041.0,11,Sound,0.0,1
753,3051041.0,12,Understanding_Motion,4.0,1
754,3051044.0,0,Basic_Astronomy,0.0,1
755,3051044.0,1,Ecosystem,0.0,1
756,3051044.0,2,English_Elementary,0.0,1
757,3051044.0,3,Geometric_Reasoning_Part_I,0.0,1
758,3051044.0,4,Proportional_Reasoning,0.0,1
759,3051045.0,0,Atomic_Structure,0.0,1
760,3051045.0,1,Basic_Astronomy,0.0,1
761,3051045.0,2,English_Beginner,0.0,1
762,3051045.0,3,English_Elementary,15.0,1
763,3051045.0,4,Geometric_Reasoning_Part_I,15.0,1
764,3051045.0,5,Geometric_Reasoning_Part_II,15.0,1
765,3051045.0,6,Health_and_Disease,0.0,1
766,3051045.0,7,Linear_Equations,15.0,1
769,3051045.0,10,Sound,0.0,1
770,3051045.0,11,Understanding_Motion,0.0,1
771,3051047.0,0,Atomic_Structure,14.0,1
772,3051047.0,1,Basic_Astronomy,14.0,1
773,3051047.0,2,English_Beginner,16.0,1
774,3051047.0,3,English_Elementary,16.0,1
775,3051047.0,4,Geometric_Reasoning_Part_I,8.0,1
776,3051047.0,5,Geometric_Reasoning_Part_II,8.0,1
777,3051047.0,6,Linear_Equations,0.0,1
780,3051047.0,9,Sound,0.0,1
781,3051047.0,10,Understanding_Motion,0.0,1
782,3051049.0,0,Atomic_Structure,13.0,1
783,3051049.0,1,Basic_Astronomy,13.0,1
784,3051049.0,2,Ecosystem,15.0,1
785,3051049.0,3,English_Beginner,13.0,1
786,3051049.0,4,English_Elementary,15.0,1
787,3051049.0,5,Geometric_Reasoning_Part_I,11.0,1
788,3051049.0,6,Geometric_Reasoning_Part_II,11.0,1
789,3051049.0,7,Health_and_Disease,0.0,1
790,3051049.0,8,Linear_Equations,4.0,1
793,3051049.0,11,Proportional_Reasoning,2.0,1
794,3051049.0,12,Sound,0.0,1
795,3051049.0,13,Understanding_Motion,0.0,1
796,3072002.0,0,Atomic_Structure,16.0,1
797,3072002.0,1,Basic_Astronomy,16.0,1
798,3072002.0,2,Ecosystem,11.0,1
799,3072002.0,3,English_Beginner,20.0,1
800,3072002.0,4,English_Elementary,19.0,1
801,3072002.0,5,Geometric_Reasoning_Part_I,13.0,1
802,3072002.0,6,Geometric_Reasoning_Part_II,13.0,1
803,3072002.0,7,Health_and_Disease,3.0,1
804,3072002.0,8,Linear_Equations,16.0,1
807,3072002.0,11,Proportional_Reasoning,5.0,1
808,3072002.0,12,Reflecting_on_Values,0.0,1
809,3072002.0,13,Sound,16.0,1
810,3072002.0,14,Understanding_Motion,20.0,1
811,3072003.0,0,Atomic_Structure,9.0,1
812,3072003.0,1,Basic_Astronomy,3.0,1
813,3072003.0,2,English_Beginner,0.0,1
814,3072003.0,3,English_Elementary,0.0,1
815,3072003.0,4,Geometric_Reasoning_Part_I,8.0,1
816,3072003.0,5,Geometric_Reasoning_Part_II,0.0,1
817,3072003.0,6,Health_and_Disease,3.0,1
818,3072003.0,7,Linear_Equations,0.0,1
821,3072003.0,10,Sound,0.0,1
822,3072003.0,11,Understanding_Motion,0.0,1
823,3072006.0,0,Atomic_Structure,0.0,1
824,3072006.0,1,Basic_Astronomy,13.0,1
825,3072006.0,2,English_Beginner,0.0,1
826,3072006.0,3,English_Elementary,0.0,1
827,3072006.0,4,Geometric_Reasoning_Part_I,0.0,1
828,3072006.0,5,Geometric_Reasoning_Part_II,0.0,1
829,3072006.0,6,Health_and_Disease,1.0,1
830,3072006.0,7,Linear_Equations,0.0,1
833,3072006.0,10,Proportional_Reasoning,1.0,1
834,3072006.0,11,Sound,0.0,1
835,3072006.0,12,Understanding_Motion,0.0,1
836,3072008.0,0,Atomic_Structure,20.0,1
837,3072008.0,1,Basic_Astronomy,0.0,1
838,3072008.0,2,Ecosystem,0.0,1
839,3072008.0,3,English_Beginner,19.0,1
840,3072008.0,4,English_Elementary,0.0,1
841,3072008.0,5,Geometric_Reasoning_Part_I,0.0,1
842,3072008.0,6,Geometric_Reasoning_Part_II,0.0,1
843,3072008.0,7,Health_and_Disease,1.0,1
844,3072008.0,8,Linear_Equations,0.0,1
847,3072008.0,11,Proportional_Reasoning,0.0,1
848,3072008.0,12,Sound,0.0,1
849,3072008.0,13,Understanding_Motion,0.0,1
850,3072012.0,0,Atomic_Structure,13.0,1
851,3072012.0,1,Basic_Astronomy,1.0,1
852,3072012.0,2,English_Beginner,20.0,1
853,3072012.0,3,English_Elementary,1.0,1
854,3072012.0,4,Geometric_Reasoning_Part_I,0.0,1
855,3072012.0,5,Geometric_Reasoning_Part_II,0.0,1
856,3072012.0,6,Health_and_Disease,7.0,1
857,3072012.0,7,Linear_Equations,0.0,1
860,3072012.0,10,Proportional_Reasoning,0.0,1
861,3072012.0,11,Sound,0.0,1
862,3072012.0,12,Understanding_Motion,0.0,1
863,3072013.0,0,Atomic_Structure,0.0,1
864,3072013.0,1,Basic_Astronomy,0.0,1
865,3072013.0,2,English_Beginner,18.0,1
866,3072013.0,3,English_Elementary,13.0,1
867,3072013.0,4,Geometric_Reasoning_Part_I,0.0,1
868,3072013.0,5,Geometric_Reasoning_Part_II,0.0,1
869,3072013.0,6,Linear_Equations,0.0,1
872,3072013.0,9,Sound,20.0,1
873,3072013.0,10,Understanding_Motion,0.0,1
874,3072014.0,0,Atomic_Structure,0.0,1
875,3072014.0,1,Basic_Astronomy,20.0,1
876,3072014.0,2,English_Beginner,0.0,1
877,3072014.0,3,English_Elementary,0.0,1
878,3072014.0,4,Geometric_Reasoning_Part_I,0.0,1
879,3072014.0,5,Geometric_Reasoning_Part_II,0.0,1
880,3072014.0,6,Health_and_Disease,10.0,1
881,3072014.0,7,Linear_Equations,0.0,1
884,3072014.0,10,Sound,10.0,1
885,3072014.0,11,Understanding_Motion,0.0,1
886,3072015.0,0,Atomic_Structure,19.0,1
887,3072015.0,1,Basic_Astronomy,19.0,1
888,3072015.0,2,English_Beginner,19.0,1
889,3072015.0,3,English_Elementary,19.0,1
890,3072015.0,4,Geometric_Reasoning_Part_I,19.0,1
891,3072015.0,5,Geometric_Reasoning_Part_II,10.0,1
892,3072015.0,6,Health_and_Disease,0.0,1
893,3072015.0,7,Linear_Equations,10.0,1
896,3072015.0,10,Proportional_Reasoning,0.0,1
897,3072015.0,11,Reflecting_on_Values,0.0,1
898,3072015.0,12,Sound,4.0,1
899,3072015.0,13,Understanding_Motion,10.0,1
900,3072016.0,0,Atomic_Structure,20.0,1
901,3072016.0,1,Basic_Astronomy,13.0,1
902,3072016.0,2,English_Beginner,0.0,1
903,3072016.0,3,English_Elementary,0.0,1
904,3072016.0,4,Geometric_Reasoning_Part_I,9.0,1
905,3072016.0,5,Geometric_Reasoning_Part_II,0.0,1
906,3072016.0,6,Linear_Equations,0.0,1
909,3072016.0,9,Proportional_Reasoning,0.0,1
910,3072016.0,10,Sound,20.0,1
911,3072016.0,11,Understanding_Motion,0.0,1
912,3072018.0,0,Atomic_Structure,0.0,1
913,3072018.0,1,Basic_Astronomy,6.0,1
914,3072018.0,2,English_Beginner,6.0,1
915,3072018.0,3,English_Elementary,5.0,1
916,3072018.0,4,Geometric_Reasoning_Part_I,0.0,1
917,3072018.0,5,Geometric_Reasoning_Part_II,0.0,1
918,3072018.0,6,Health_and_Disease,0.0,1
919,3072018.0,7,Linear_Equations,0.0,1
922,3072018.0,10,Proportional_Reasoning,2.0,1
923,3072018.0,11,Sound,0.0,1
924,3072018.0,12,Understanding_Motion,0.0,1
925,3072019.0,0,Atomic_Structure,0.0,1
926,3072019.0,1,Basic_Astronomy,6.0,1
927,3072019.0,2,Ecosystem,0.0,1
928,3072019.0,3,English_Beginner,0.0,1
929,3072019.0,4,English_Elementary,0.0,1
930,3072019.0,5,Geometric_Reasoning_Part_I,6.0,1
931,3072019.0,6,Geometric_Reasoning_Part_II,0.0,1
932,3072019.0,7,Linear_Equations,0.0,1
935,3072019.0,10,Sound,0.0,1
936,3072019.0,11,Understanding_Motion,0.0,1
937,3072022.0,0,Atomic_Structure,0.0,1
938,3072022.0,1,Basic_Astronomy,0.0,1
939,3072022.0,2,Ecosystem,0.0,1
940,3072022.0,3,English_Beginner,0.0,1
941,3072022.0,4,English_Elementary,21.0,1
942,3072022.0,5,Geometric_Reasoning_Part_I,0.0,1
943,3072022.0,6,Geometric_Reasoning_Part_II,0.0,1
944,3072022.0,7,Health_and_Disease,8.0,1
945,3072022.0,8,Linear_Equations,0.0,1
948,3072022.0,11,Proportional_Reasoning,0.0,1
949,3072022.0,12,Sound,21.0,1
950,3072022.0,13,Understanding_Motion,21.0,1
951,3072023.0,0,Atomic_Structure,15.0,1
952,3072023.0,1,Basic_Astronomy,21.0,1
953,3072023.0,2,Ecosystem,15.0,1
954,3072023.0,3,English_Beginner,15.0,1
955,3072023.0,4,English_Elementary,15.0,1
956,3072023.0,5,Geometric_Reasoning_Part_I,15.0,1
957,3072023.0,6,Geometric_Reasoning_Part_II,14.0,1
958,3072023.0,7,Health_and_Disease,0.0,1
959,3072023.0,8,Linear_Equations,14.0,1
962,3072023.0,11,Proportional_Reasoning,12.0,1
963,3072023.0,12,Reflecting_on_Values,10.0,1
964,3072023.0,13,Sound,15.0,1
965,3072023.0,14,Understanding_Motion,21.0,1
966,3072024.0,0,Atomic_Structure,0.0,1
967,3072024.0,1,Basic_Astronomy,20.0,1
968,3072024.0,2,English_Beginner,20.0,1
969,3072024.0,3,English_Elementary,3.0,1
970,3072024.0,4,Geometric_Reasoning_Part_I,20.0,1
971,3072024.0,5,Geometric_Reasoning_Part_II,20.0,1
972,3072024.0,6,Linear_Equations,20.0,1
975,3072024.0,9,Proportional_Reasoning,18.0,1
976,3072024.0,10,Sound,0.0,1
977,3072024.0,11,Understanding_Motion,0.0,1
978,3072025.0,0,Atomic_Structure,8.0,1
979,3072025.0,1,Basic_Astronomy,11.0,1
980,3072025.0,2,Ecosystem,9.0,1
981,3072025.0,3,English_Beginner,17.0,1
982,3072025.0,4,English_Elementary,17.0,1
983,3072025.0,5,Geometric_Reasoning_Part_I,17.0,1
984,3072025.0,6,Geometric_Reasoning_Part_II,8.0,1
985,3072025.0,7,Health_and_Disease,1.0,1
986,3072025.0,8,Linear_Equations,8.0,1
989,3072025.0,11,Proportional_Reasoning,1.0,1
990,3072025.0,12,Reflecting_on_Values,1.0,1
991,3072025.0,13,Sound,11.0,1
992,3072025.0,14,Understanding_Motion,8.0,1
993,3072026.0,0,Atomic_Structure,20.0,1
994,3072026.0,1,Basic_Astronomy,14.0,1
995,3072026.0,2,English_Beginner,22.0,1
996,3072026.0,3,English_Elementary,13.0,1
997,3072026.0,4,Geometric_Reasoning_Part_I,23.0,1
998,3072026.0,5,Geometric_Reasoning_Part_II,23.0,1
999,3072026.0,6,Health_and_Disease,0.0,1
1000,3072026.0,7,Linear_Equations,22.0,1
1003,3072026.0,10,Proportional_Reasoning,19.0,1
1004,3072026.0,11,Sound,22.0,1
1005,3072026.0,12,Understanding_Motion,22.0,1
1006,3072027.0,0,Atomic_Structure,16.0,1
1007,3072027.0,1,Basic_Astronomy,16.0,1
1008,3072027.0,2,English_Beginner,16.0,1
1009,3072027.0,3,English_Elementary,16.0,1
1010,3072027.0,4,Geometric_Reasoning_Part_I,17.0,1
1011,3072027.0,5,Geometric_Reasoning_Part_II,17.0,1
1012,3072027.0,6,Health_and_Disease,1.0,1
1013,3072027.0,7,Linear_Equations,0.0,1
1016,3072027.0,10,Proportional_Reasoning,0.0,1
1017,3072027.0,11,Sound,16.0,1
1018,3072027.0,12,Understanding_Motion,16.0,1
1019,3072028.0,0,Atomic_Structure,15.0,1
1020,3072028.0,1,Basic_Astronomy,19.0,1
1021,3072028.0,2,Ecosystem,0.0,1
1022,3072028.0,3,English_Beginner,15.0,1
1023,3072028.0,4,English_Elementary,15.0,1
1024,3072028.0,5,Geometric_Reasoning_Part_I,0.0,1
1025,3072028.0,6,Geometric_Reasoning_Part_II,0.0,1
1026,3072028.0,7,Health_and_Disease,4.0,1
1027,3072028.0,8,Linear_Equations,0.0,1
1030,3072028.0,11,Proportional_Reasoning,19.0,1
1031,3072028.0,12,Reflecting_on_Values,0.0,1
1032,3072028.0,13,Sound,0.0,1
1033,3072028.0,14,Understanding_Motion,15.0,1
1034,3072029.0,0,Atomic_Structure,13.0,1
1035,3072029.0,1,Basic_Astronomy,0.0,1
1036,3072029.0,2,English_Beginner,20.0,1
1037,3072029.0,3,English_Elementary,0.0,1
1038,3072029.0,4,Geometric_Reasoning_Part_I,0.0,1
1039,3072029.0,5,Geometric_Reasoning_Part_II,0.0,1
1040,3072029.0,6,Linear_Equations,0.0,1
1043,3072029.0,9,Proportional_Reasoning,1.0,1
1044,3072029.0,10,Sound,0.0,1
1045,3072029.0,11,Understanding_Motion,0.0,1
1046,3072030.0,0,Atomic_Structure,22.0,1
1047,3072030.0,1,Basic_Astronomy,19.0,1
1048,3072030.0,2,Ecosystem,12.0,1
1049,3072030.0,3,English_Beginner,19.0,1
1050,3072030.0,4,English_Elementary,19.0,1
1051,3072030.0,5,Geometric_Reasoning_Part_I,22.0,1
1052,3072030.0,6,Geometric_Reasoning_Part_II,22.0,1
1053,3072030.0,7,Health_and_Disease,12.0,1
1054,3072030.0,8,Linear_Equations,19.0,1
1057,3072030.0,11,Proportional_Reasoning,0.0,1
1058,3072030.0,12,Sound,16.0,1
1059,3072030.0,13,Understanding_Motion,16.0,1
1060,3072031.0,0,Atomic_Structure,6.0,1
1061,3072031.0,1,Basic_Astronomy,8.0,1
1062,3072031.0,2,Ecosystem,0.0,1
1063,3072031.0,3,English_Beginner,20.0,1
1064,3072031.0,4,English_Elementary,19.0,1
1065,3072031.0,5,Geometric_Reasoning_Part_I,0.0,1
1066,3072031.0,6,Geometric_Reasoning_Part_II,0.0,1
1067,3072031.0,7,Health_and_Disease,12.0,1
1068,3072031.0,8,Linear_Equations,11.0,1
1071,3072031.0,11,Reflecting_on_Values,0.0,1
1072,3072031.0,12,Sound,20.0,1
1073,3072031.0,13,Understanding_Motion,20.0,1
1074,3072032.0,0,Atomic_Structure,17.0,1
1075,3072032.0,1,Basic_Astronomy,19.0,1
1076,3072032.0,2,Ecosystem,0.0,1
1077,3072032.0,3,English_Beginner,17.0,1
1078,3072032.0,4,English_Elementary,10.0,1
1079,3072032.0,5,Geometric_Reasoning_Part_I,19.0,1
1080,3072032.0,6,Geometric_Reasoning_Part_II,16.0,1
1081,3072032.0,7,Health_and_Disease,12.0,1
1082,3072032.0,8,Linear_Equations,16.0,1
1085,3072032.0,11,Proportional_Reasoning,9.0,1
1086,3072032.0,12,Reflecting_on_Values,8.0,1
1087,3072032.0,13,Sound,19.0,1
1088,3072032.0,14,Understanding_Motion,19.0,1
1089,3072033.0,0,Atomic_Structure,12.0,1
1090,3072033.0,1,Basic_Astronomy,12.0,1
1091,3072033.0,2,English_Beginner,12.0,1
1092,3072033.0,3,English_Elementary,12.0,1
1093,3072033.0,4,Geometric_Reasoning_Part_I,12.0,1
1094,3072033.0,5,Geometric_Reasoning_Part_II,0.0,1
1095,3072033.0,6,Linear_Equations,0.0,1
1098,3072033.0,9,Sound,0.0,1
1099,3072033.0,10,Understanding_Motion,12.0,1
1100,3072034.0,0,Atomic_Structure,0.0,1
1101,3072034.0,1,Basic_Astronomy,0.0,1
1102,3072034.0,2,English_Beginner,20.0,1
1103,3072034.0,3,English_Elementary,0.0,1
1104,3072034.0,4,Geometric_Reasoning_Part_I,0.0,1
1105,3072034.0,5,Geometric_Reasoning_Part_II,0.0,1
1106,3072034.0,6,Linear_Equations,0.0,1
1109,3072034.0,9,Proportional_Reasoning,0.0,1
1110,3072034.0,10,Sound,20.0,1
1111,3072034.0,11,Understanding_Motion,0.0,1
1112,3072035.0,0,Atomic_Structure,0.0,1
1113,3072035.0,1,Basic_Astronomy,0.0,1
1114,3072035.0,2,English_Beginner,0.0,1
1115,3072035.0,3,English_Elementary,0.0,1
1116,3072035.0,4,Geometric_Reasoning_Part_I,0.0,1
1117,3072035.0,5,Geometric_Reasoning_Part_II,0.0,1
1118,3072035.0,6,Health_and_Disease,8.0,1
1119,3072035.0,7,Linear_Equations,0.0,1
1122,3072035.0,10,Proportional_Reasoning,0.0,1
1123,3072035.0,11,Sound,0.0,1
1124,3072035.0,12,Understanding_Motion,0.0,1
1125,3072036.0,0,Atomic_Structure,19.0,1
1126,3072036.0,1,Basic_Astronomy,19.0,1
1127,3072036.0,2,Ecosystem,21.0,1
1128,3072036.0,3,English_Beginner,3.0,1
1129,3072036.0,4,English_Elementary,19.0,1
1130,3072036.0,5,Geometric_Reasoning_Part_I,24.0,1
1131,3072036.0,6,Geometric_Reasoning_Part_II,14.0,1
1132,3072036.0,7,Health_and_Disease,16.0,1
1133,3072036.0,8,Linear_Equations,0.0,1
1136,3072036.0,11,Proportional_Reasoning,16.0,1
1137,3072036.0,12,Sound,14.0,1
1138,3072036.0,13,Understanding_Motion,19.0,1
1139,3072040.0,0,Ecosystem,0.0,1
1140,3072040.0,1,Health_and_Disease,6.0,1
1141,3072040.0,2,Proportional_Reasoning,0.0,1
1142,3072041.0,0,Atomic_Structure,0.0,1
1143,3072041.0,1,Basic_Astronomy,0.0,1
1144,3072041.0,2,Ecosystem,7.0,1
1145,3072041.0,3,English_Beginner,20.0,1
1146,3072041.0,4,English_Elementary,0.0,1
1147,3072041.0,5,Geometric_Reasoning_Part_I,0.0,1
1148,3072041.0,6,Geometric_Reasoning_Part_II,0.0,1
1149,3072041.0,7,Linear_Equations,0.0,1
1152,3072041.0,10,Proportional_Reasoning,18.0,1
1153,3072041.0,11,Sound,21.0,1
1154,3072041.0,12,Understanding_Motion,20.0,1
1155,3072042.0,0,Atomic_Structure,18.0,1
1156,3072042.0,1,Basic_Astronomy,9.0,1
1157,3072042.0,2,Ecosystem,0.0,1
1158,3072042.0,3,English_Beginner,18.0,1
1159,3072042.0,4,English_Elementary,10.0,1
1160,3072042.0,5,Geometric_Reasoning_Part_I,18.0,1
1161,3072042.0,6,Geometric_Reasoning_Part_II,18.0,1
1162,3072042.0,7,Linear_Equations,18.0,1
1165,3072042.0,10,Proportional_Reasoning,16.0,1
1166,3072042.0,11,Reflecting_on_Values,0.0,1
1167,3072042.0,12,Sound,18.0,1
1168,3072042.0,13,Understanding_Motion,18.0,1
1169,3072043.0,0,Atomic_Structure,10.0,1
1170,3072043.0,1,Basic_Astronomy,20.0,1
1171,3072043.0,2,English_Beginner,10.0,1
1172,3072043.0,3,English_Elementary,10.0,1
1173,3072043.0,4,Geometric_Reasoning_Part_I,20.0,1
1174,3072043.0,5,Geometric_Reasoning_Part_II,20.0,1
1175,3072043.0,6,Linear_Equations,0.0,1
1178,3072043.0,9,Proportional_Reasoning,10.0,1
1179,3072043.0,10,Sound,0.0,1
1180,3072043.0,11,Understanding_Motion,20.0,1
1181,3072044.0,0,Atomic_Structure,14.0,1
1182,3072044.0,1,Basic_Astronomy,14.0,1
1183,3072044.0,2,Ecosystem,11.0,1
1184,3072044.0,3,English_Beginner,20.0,1
1185,3072044.0,4,English_Elementary,20.0,1
1186,3072044.0,5,Geometric_Reasoning_Part_I,20.0,1
1187,3072044.0,6,Geometric_Reasoning_Part_II,19.0,1
1188,3072044.0,7,Health_and_Disease,11.0,1
1189,3072044.0,8,Linear_Equations,20.0,1
1192,3072044.0,11,Proportional_Reasoning,11.0,1
1193,3072044.0,12,Reflecting_on_Values,11.0,1
1194,3072044.0,13,Sound,20.0,1
1195,3072044.0,14,Understanding_Motion,14.0,1
1196,3072046.0,0,Atomic_Structure,6.0,1
1197,3072046.0,1,Basic_Astronomy,11.0,1
1198,3072046.0,2,English_Beginner,11.0,1
1199,3072046.0,3,English_Elementary,13.0,1
1200,3072046.0,4,Geometric_Reasoning_Part_I,0.0,1
1201,3072046.0,5,Geometric_Reasoning_Part_II,0.0,1
1202,3072046.0,6,Health_and_Disease,5.0,1
1203,3072046.0,7,Linear_Equations,9.0,1
1206,3072046.0,10,Proportional_Reasoning,0.0,1
1207,3072046.0,11,Sound,0.0,1
1208,3072046.0,12,Understanding_Motion,13.0,1
1209,3072047.0,0,Atomic_Structure,10.0,1
1210,3072047.0,1,Basic_Astronomy,10.0,1
1211,3072047.0,2,English_Beginner,11.0,1
1212,3072047.0,3,English_Elementary,12.0,1
1213,3072047.0,4,Geometric_Reasoning_Part_I,0.0,1
1214,3072047.0,5,Geometric_Reasoning_Part_II,0.0,1
1215,3072047.0,6,Linear_Equations,0.0,1
1218,3072047.0,9,Sound,0.0,1
1219,3072047.0,10,Understanding_Motion,0.0,1
1220,3072048.0,0,Atomic_Structure,10.0,1
1221,3072048.0,1,Basic_Astronomy,13.0,1
1222,3072048.0,2,English_Beginner,13.0,1
1223,3072048.0,3,English_Elementary,0.0,1
1224,3072048.0,4,Geometric_Reasoning_Part_I,13.0,1
1225,3072048.0,5,Geometric_Reasoning_Part_II,0.0,1
1226,3072048.0,6,Linear_Equations,13.0,1
1229,3072048.0,9,Proportional_Reasoning,0.0,1
1230,3072048.0,10,Sound,0.0,1
1231,3072048.0,11,Understanding_Motion,13.0,1
1232,3072049.0,0,Atomic_Structure,6.0,1
1233,3072049.0,1,Basic_Astronomy,6.0,1
1234,3072049.0,2,Ecosystem,3.0,1
1235,3072049.0,3,English_Beginner,14.0,1
1236,3072049.0,4,English_Elementary,6.0,1
1237,3072049.0,5,Geometric_Reasoning_Part_I,0.0,1
1238,3072049.0,6,Geometric_Reasoning_Part_II,3.0,1
1239,3072049.0,7,Health_and_Disease,0.0,1
1240,3072049.0,8,Linear_Equations,3.0,1
1243,3072049.0,11,Proportional_Reasoning,0.0,1
1244,3072049.0,12,Reflecting_on_Values,3.0,1
1245,3072049.0,13,Sound,6.0,1
1246,3072049.0,14,Understanding_Motion,6.0,1
1247,3072050.0,0,Atomic_Structure,7.0,1
1248,3072050.0,1,Basic_Astronomy,18.0,1
1249,3072050.0,2,Ecosystem,5.0,1
1250,3072050.0,3,English_Beginner,0.0,1
1251,3072050.0,4,English_Elementary,9.0,1
1252,3072050.0,5,Geometric_Reasoning_Part_I,18.0,1
1253,3072050.0,6,Geometric_Reasoning_Part_II,18.0,1
1254,3072050.0,7,Linear_Equations,12.0,1
1257,3072050.0,10,Proportional_Reasoning,3.0,1
1258,3072050.0,11,Reflecting_on_Values,0.0,1
1259,3072050.0,12,Sound,9.0,1
1260,3072050.0,13,Understanding_Motion,7.0,1
1261,4112043.0,0,Atomic_Structure,8.0,1
1262,4112043.0,1,Basic_Astronomy,0.0,1
1263,4112043.0,2,English_Beginner,8.0,1
1264,4112043.0,3,English_Elementary,0.0,1
1265,4112043.0,4,Geometric_Reasoning_Part_I,8.0,1
1266,4112043.0,5,Geometric_Reasoning_Part_II,0.0,1
1267,4112043.0,6,Linear_Equations,0.0,1
1270,4112043.0,9,Sound,0.0,1
1271,4112043.0,10,Understanding_Motion,0.0,1
1272,4112062.0,0,Atomic_Structure,0.0,1
1273,4112062.0,1,Basic_Astronomy,0.0,1
1274,4112062.0,2,English_Beginner,0.0,1
1275,4112062.0,3,English_Elementary,0.0,1
1276,4112062.0,4,Geometric_Reasoning_Part_I,0.0,1
1277,4112062.0,5,Geometric_Reasoning_Part_II,0.0,1
1278,4112062.0,6,Linear_Equations,0.0,1
1281,4112062.0,9,Sound,0.0,1
1282,4112062.0,10,Understanding_Motion,0.0,1
1283,4112085.0,0,Atomic_Structure,7.0,1
1284,4112085.0,1,Basic_Astronomy,16.0,1
1285,4112085.0,2,Ecosystem,0.0,1
1286,4112085.0,3,English_Beginner,16.0,1
1287,4112085.0,4,English_Elementary,16.0,1
1288,4112085.0,5,Geometric_Reasoning_Part_I,16.0,1
1289,4112085.0,6,Geometric_Reasoning_Part_II,0.0,1
1290,4112085.0,7,Linear_Equations,16.0,1
1293,4112085.0,10,Reflecting_on_Values,0.0,1
1294,4112085.0,11,Sound,0.0,1
1295,4112085.0,12,Understanding_Motion,0.0,1
1296,4141008.0,0,Atomic_Structure,19.0,1
1297,4141008.0,1,Basic_Astronomy,24.0,1
1298,4141008.0,2,Ecosystem,0.0,1
1299,4141008.0,3,English_Beginner,22.0,1
1300,4141008.0,4,English_Elementary,22.0,1
1301,4141008.0,5,Geometric_Reasoning_Part_I,19.0,1
1302,4141008.0,6,Geometric_Reasoning_Part_II,0.0,1
1303,4141008.0,7,Health_and_Disease,19.0,1
1304,4141008.0,8,Linear_Equations,20.0,1
1307,4141008.0,11,Proportional_Reasoning,0.0,1
1308,4141008.0,12,Reflecting_on_Values,1.0,1
1309,4141008.0,13,Sound,20.0,1
1310,4141008.0,14,Understanding_Motion,20.0,1
1311,4141009.0,0,Atomic_Structure,22.0,1
1312,4141009.0,1,Basic_Astronomy,22.0,1
1313,4141009.0,2,Ecosystem,2.0,1
1314,4141009.0,3,English_Beginner,22.0,1
1315,4141009.0,4,English_Elementary,22.0,1
1316,4141009.0,5,Geometric_Reasoning_Part_I,24.0,1
1317,4141009.0,6,Geometric_Reasoning_Part_II,24.0,1
1318,4141009.0,7,Health_and_Disease,0.0,1
1319,4141009.0,8,Linear_Equations,24.0,1
1322,4141009.0,11,Proportional_Reasoning,2.0,1
1323,4141009.0,12,Reflecting_on_Values,0.0,1
1324,4141009.0,13,Sound,24.0,1
1325,4141009.0,14,Understanding_Motion,22.0,1
1326,4141012.0,0,Atomic_Structure,0.0,1
1327,4141012.0,1,Basic_Astronomy,0.0,1
1328,4141012.0,2,English_Beginner,0.0,1
1329,4141012.0,3,English_Elementary,0.0,1
1330,4141012.0,4,Geometric_Reasoning_Part_I,0.0,1
1331,4141012.0,5,Geometric_Reasoning_Part_II,0.0,1
1332,4141012.0,6,Linear_Equations,0.0,1
1335,4141012.0,9,Sound,0.0,1
1336,4141012.0,10,Understanding_Motion,0.0,1
1337,4141035.0,0,Atomic_Structure,0.0,1
1338,4141035.0,1,Basic_Astronomy,0.0,1
1339,4141035.0,2,English_Beginner,0.0,1
1340,4141035.0,3,English_Elementary,0.0,1
1341,4141035.0,4,Geometric_Reasoning_Part_I,0.0,1
1342,4141035.0,5,Geometric_Reasoning_Part_II,0.0,1
1343,4141035.0,6,Linear_Equations,0.0,1
1346,4141035.0,9,Sound,0.0,1
1347,4141035.0,10,Understanding_Motion,0.0,1
1348,4141038.0,0,Atomic_Structure,0.0,1
1349,4141038.0,1,Basic_Astronomy,0.0,1
1350,4141038.0,2,English_Beginner,2.0,1
1351,4141038.0,3,English_Elementary,0.0,1
1352,4141038.0,4,Geometric_Reasoning_Part_I,0.0,1
1353,4141038.0,5,Geometric_Reasoning_Part_II,0.0,1
1354,4141038.0,6,Linear_Equations,0.0,1
1357,4141038.0,9,Sound,0.0,1
1358,4141038.0,10,Understanding_Motion,0.0,1
1359,4141045.0,0,Atomic_Structure,0.0,1
1360,4141045.0,1,Basic_Astronomy,0.0,1
1361,4141045.0,2,Ecosystem,3.0,1
1362,4141045.0,3,English_Beginner,0.0,1
1363,4141045.0,4,English_Elementary,0.0,1
1364,4141045.0,5,Geometric_Reasoning_Part_I,11.0,1
1365,4141045.0,6,Geometric_Reasoning_Part_II,0.0,1
1366,4141045.0,7,Health_and_Disease,0.0,1
1367,4141045.0,8,Linear_Equations,0.0,1
1370,4141045.0,11,Proportional_Reasoning,0.0,1
1371,4141045.0,12,Reflecting_on_Values,10.0,1
1372,4141045.0,13,Sound,0.0,1
1373,4141045.0,14,Understanding_Motion,2.0,1
1374,4141090.0,0,Atomic_Structure,0.0,1
1375,4141090.0,1,Basic_Astronomy,0.0,1
1376,4141090.0,2,English_Beginner,0.0,1
1377,4141090.0,3,English_Elementary,0.0,1
1378,4141090.0,4,Geometric_Reasoning_Part_I,0.0,1
1379,4141090.0,5,Geometric_Reasoning_Part_II,0.0,1
1380,4141090.0,6,Linear_Equations,0.0,1
1383,4141090.0,9,Sound,0.0,1
1384,4141090.0,10,Understanding_Motion,0.0,1
1385,4152002.0,0,Atomic_Structure,17.0,1
1386,4152002.0,1,Basic_Astronomy,17.0,1
1387,4152002.0,2,Ecosystem,14.0,1
1388,4152002.0,3,English_Beginner,17.0,1
1389,4152002.0,4,English_Elementary,5.0,1
1390,4152002.0,5,Geometric_Reasoning_Part_I,3.0,1
1391,4152002.0,6,Geometric_Reasoning_Part_II,0.0,1
1392,4152002.0,7,Health_and_Disease,1.0,1
1393,4152002.0,8,Linear_Equations,17.0,1
1396,4152002.0,11,Proportional_Reasoning,15.0,1
1397,4152002.0,12,Reflecting_on_Values,0.0,1
1398,4152002.0,13,Sound,5.0,1
1399,4152002.0,14,Understanding_Motion,17.0,1
1400,4152012.0,0,Atomic_Structure,15.0,1
1401,4152012.0,1,Basic_Astronomy,20.0,1
1402,4152012.0,2,Ecosystem,3.0,1
1403,4152012.0,3,English_Beginner,15.0,1
1404,4152012.0,4,English_Elementary,20.0,1
1405,4152012.0,5,Geometric_Reasoning_Part_I,15.0,1
1406,4152012.0,6,Geometric_Reasoning_Part_II,15.0,1
1407,4152012.0,7,Health_and_Disease,0.0,1
1408,4152012.0,8,Linear_Equations,12.0,1
1411,4152012.0,11,Proportional_Reasoning,0.0,1
1412,4152012.0,12,Reflecting_on_Values,0.0,1
1413,4152012.0,13,Sound,15.0,1
1414,4152012.0,14,Understanding_Motion,20.0,1
1415,4152013.0,0,Atomic_Structure,19.0,1
1416,4152013.0,1,Basic_Astronomy,21.0,1
1417,4152013.0,2,Ecosystem,13.0,1
1418,4152013.0,3,English_Beginner,21.0,1
1419,4152013.0,4,English_Elementary,21.0,1
1420,4152013.0,5,Geometric_Reasoning_Part_I,19.0,1
1421,4152013.0,6,Geometric_Reasoning_Part_II,10.0,1
1422,4152013.0,7,Health_and_Disease,13.0,1
1423,4152013.0,8,Linear_Equations,8.0,1
1426,4152013.0,11,Proportional_Reasoning,13.0,1
1427,4152013.0,12,Reflecting_on_Values,11.0,1
1428,4152013.0,13,Sound,21.0,1
1429,4152013.0,14,Understanding_Motion,23.0,1
1430,4152015.0,0,Atomic_Structure,0.0,1
1431,4152015.0,1,Basic_Astronomy,0.0,1
1432,4152015.0,2,English_Beginner,0.0,1
1433,4152015.0,3,English_Elementary,0.0,1
1434,4152015.0,4,Geometric_Reasoning_Part_I,0.0,1
1435,4152015.0,5,Geometric_Reasoning_Part_II,0.0,1
1436,4152015.0,6,Health_and_Disease,0.0,1
1437,4152015.0,7,Linear_Equations,0.0,1
1440,4152015.0,10,Proportional_Reasoning,0.0,1
1441,4152015.0,11,Sound,0.0,1
1442,4152015.0,12,Understanding_Motion,0.0,1
1443,4152017.0,0,Atomic_Structure,0.0,1
1444,4152017.0,1,Basic_Astronomy,0.0,1
1445,4152017.0,2,Ecosystem,0.0,1
1446,4152017.0,3,English_Beginner,0.0,1
1447,4152017.0,4,English_Elementary,16.0,1
1448,4152017.0,5,Geometric_Reasoning_Part_I,0.0,1
1449,4152017.0,6,Geometric_Reasoning_Part_II,0.0,1
1450,4152017.0,7,Health_and_Disease,16.0,1
1451,4152017.0,8,Linear_Equations,0.0,1
1454,4152017.0,11,Proportional_Reasoning,0.0,1
1455,4152017.0,12,Reflecting_on_Values,0.0,1
1456,4152017.0,13,Sound,18.0,1
1457,4152017.0,14,Understanding_Motion,16.0,1
1458,4152023.0,0,Atomic_Structure,0.0,1
1459,4152023.0,1,Basic_Astronomy,0.0,1
1460,4152023.0,2,Ecosystem,0.0,1
1461,4152023.0,3,English_Beginner,7.0,1
1462,4152023.0,4,English_Elementary,7.0,1
1463,4152023.0,5,Geometric_Reasoning_Part_I,0.0,1
1464,4152023.0,6,Geometric_Reasoning_Part_II,0.0,1
1465,4152023.0,7,Linear_Equations,0.0,1
1468,4152023.0,10,Reflecting_on_Values,0.0,1
1469,4152023.0,11,Sound,0.0,1
1470,4152023.0,12,Understanding_Motion,0.0,1
1471,4152030.0,0,Atomic_Structure,0.0,1
1472,4152030.0,1,Basic_Astronomy,2.0,1
1473,4152030.0,2,English_Beginner,0.0,1
1474,4152030.0,3,English_Elementary,2.0,1
1475,4152030.0,4,Geometric_Reasoning_Part_I,2.0,1
1476,4152030.0,5,Geometric_Reasoning_Part_II,0.0,1
1477,4152030.0,6,Linear_Equations,0.0,1
1480,4152030.0,9,Sound,0.0,1
1481,4152030.0,10,Understanding_Motion,0.0,1
1482,4152031.0,0,Atomic_Structure,9.0,1
1483,4152031.0,1,Basic_Astronomy,10.0,1
1484,4152031.0,2,Ecosystem,13.0,1
1485,4152031.0,3,English_Beginner,19.0,1
1486,4152031.0,4,English_Elementary,13.0,1
1487,4152031.0,5,Geometric_Reasoning_Part_I,18.0,1
1488,4152031.0,6,Geometric_Reasoning_Part_II,16.0,1
1489,4152031.0,7,Health_and_Disease,9.0,1
1490,4152031.0,8,Linear_Equations,10.0,1
1492,4152031.0,10,Proportional_Reasoning,16.0,1
1493,4152031.0,11,Reflecting_on_Values,7.0,1
1494,4152031.0,12,Sound,13.0,1
1495,4152031.0,13,Understanding_Motion,14.0,1
1496,4152033.0,0,Atomic_Structure,0.0,1
1497,4152033.0,1,Basic_Astronomy,0.0,1
1498,4152033.0,2,English_Beginner,0.0,1
1499,4152033.0,3,English_Elementary,0.0,1
1500,4152033.0,4,Geometric_Reasoning_Part_I,0.0,1
1501,4152033.0,5,Geometric_Reasoning_Part_II,0.0,1
1502,4152033.0,6,Linear_Equations,0.0,1
1505,4152033.0,9,Sound,0.0,1
1506,4152033.0,10,Understanding_Motion,0.0,1
1507,4152035.0,0,Atomic_Structure,7.0,1
1508,4152035.0,1,Basic_Astronomy,19.0,1
1509,4152035.0,2,Ecosystem,12.0,1
1510,4152035.0,3,English_Beginner,19.0,1
1511,4152035.0,4,English_Elementary,7.0,1
1512,4152035.0,5,Geometric_Reasoning_Part_I,7.0,1
1513,4152035.0,6,Geometric_Reasoning_Part_II,0.0,1
1514,4152035.0,7,Health_and_Disease,12.0,1
1515,4152035.0,8,Linear_Equations,19.0,1
1518,4152035.0,11,Proportional_Reasoning,0.0,1
1519,4152035.0,12,Reflecting_on_Values,0.0,1
1520,4152035.0,13,Sound,7.0,1
1521,4152035.0,14,Understanding_Motion,7.0,1
1522,4152038.0,0,English_Beginner,0.0,1
1523,4152038.0,1,English_Elementary,0.0,1
1524,4152038.0,2,Geometric_Reasoning_Part_I,0.0,1
1525,4152038.0,3,Geometric_Reasoning_Part_II,0.0,1
1527,4152038.0,5,Understanding_Motion,0.0,1
1528,4152041.0,0,Atomic_Structure,0.0,1
1529,4152041.0,1,Basic_Astronomy,0.0,1
1530,4152041.0,2,Ecosystem,11.0,1
1531,4152041.0,3,English_Beginner,5.0,1
1532,4152041.0,4,English_Elementary,16.0,1
1533,4152041.0,5,Geometric_Reasoning_Part_I,4.0,1
1534,4152041.0,6,Geometric_Reasoning_Part_II,0.0,1
1535,4152041.0,7,Health_and_Disease,0.0,1
1536,4152041.0,8,Linear_Equations,0.0,1
1539,4152041.0,11,Proportional_Reasoning,0.0,1
1540,4152041.0,12,Sound,0.0,1
1541,4152041.0,13,Understanding_Motion,0.0,1
1542,4152049.0,0,Atomic_Structure,2.0,1
1543,4152049.0,1,Basic_Astronomy,0.0,1
1544,4152049.0,2,English_Beginner,0.0,1
1545,4152049.0,3,English_Elementary,0.0,1
1546,4152049.0,4,Geometric_Reasoning_Part_I,1.0,1
1547,4152049.0,5,Geometric_Reasoning_Part_II,0.0,1
1548,4152049.0,6,Linear_Equations,0.0,1
1551,4152049.0,9,Sound,0.0,1
1552,4152049.0,10,Understanding_Motion,12.0,1
1553,4152072.0,0,Atomic_Structure,22.0,1
1554,4152072.0,1,Basic_Astronomy,22.0,1
1555,4152072.0,2,Ecosystem,22.0,1
1556,4152072.0,3,English_Beginner,22.0,1
1557,4152072.0,4,English_Elementary,22.0,1
1558,4152072.0,5,Geometric_Reasoning_Part_I,22.0,1
1559,4152072.0,6,Geometric_Reasoning_Part_II,22.0,1
1560,4152072.0,7,Health_and_Disease,22.0,1
1561,4152072.0,8,Linear_Equations,19.0,1
1564,4152072.0,11,Proportional_Reasoning,17.0,1
1565,4152072.0,12,Reflecting_on_Values,17.0,1
1566,4152072.0,13,Sound,22.0,1
1567,4152072.0,14,Understanding_Motion,22.0,1
1568,4152091.0,0,Atomic_Structure,0.0,1
1569,4152091.0,1,Basic_Astronomy,0.0,1
1570,4152091.0,2,English_Beginner,0.0,1
1571,4152091.0,3,English_Elementary,0.0,1
1572,4152091.0,4,Geometric_Reasoning_Part_I,0.0,1
1573,4152091.0,5,Geometric_Reasoning_Part_II,0.0,1
1574,4152091.0,6,Linear_Equations,0.0,1
1577,4152091.0,9,Sound,0.0,1
1578,4152091.0,10,Understanding_Motion,0.0,1
1579,4152092.0,0,Atomic_Structure,0.0,1
1580,4152092.0,1,Basic_Astronomy,0.0,1
1581,4152092.0,2,English_Beginner,14.0,1
1582,4152092.0,3,English_Elementary,0.0,1
1583,4152092.0,4,Geometric_Reasoning_Part_I,22.0,1
1584,4152092.0,5,Geometric_Reasoning_Part_II,0.0,1
1585,4152092.0,6,Linear_Equations,0.0,1
1588,4152092.0,9,Proportional_Reasoning,0.0,1
1589,4152092.0,10,Sound,0.0,1
1590,4152092.0,11,Understanding_Motion,0.0,1
1591,4173027.0,0,Atomic_Structure,0.0,1
1592,4173027.0,1,Basic_Astronomy,0.0,1
1593,4173027.0,2,English_Beginner,0.0,1
1594,4173027.0,3,English_Elementary,0.0,1
1595,4173027.0,4,Geometric_Reasoning_Part_I,0.0,1
1596,4173027.0,5,Geometric_Reasoning_Part_II,0.0,1
1597,4173027.0,6,Linear_Equations,0.0,1
1600,4173027.0,9,Sound,0.0,1
1601,4173027.0,10,Understanding_Motion,0.0,1
1602,4173074.0,0,Basic_Astronomy,0.0,1
1603,4173074.0,1,Ecosystem,0.0,1
1604,4173074.0,2,English_Beginner,17.0,1
1605,4173074.0,3,English_Elementary,6.0,1
1606,4173074.0,4,Geometric_Reasoning_Part_I,6.0,1
1607,4173074.0,5,Health_and_Disease,0.0,1
1608,4173074.0,6,Linear_Equations,0.0,1
1610,4173074.0,8,Proportional_Reasoning,6.0,1
1611,4173074.0,9,Reflecting_on_Values,0.0,1
1612,4173075.0,0,Atomic_Structure,11.0,1
1613,4173075.0,1,Basic_Astronomy,9.0,1
1614,4173075.0,2,Ecosystem,1.0,1
1615,4173075.0,3,English_Beginner,9.0,1
1616,4173075.0,4,English_Elementary,9.0,1
1617,4173075.0,5,Geometric_Reasoning_Part_I,0.0,1
1618,4173075.0,6,Geometric_Reasoning_Part_II,5.0,1
1619,4173075.0,7,Health_and_Disease,9.0,1
1620,4173075.0,8,Linear_Equations,1.0,1
1622,4173075.0,10,Proportional_Reasoning,0.0,1
1623,4173075.0,11,Reflecting_on_Values,0.0,1
1624,4173075.0,12,Sound,0.0,1
1625,4173075.0,13,Understanding_Motion,9.0,1
1626,4173080.0,0,Atomic_Structure,0.0,1
1627,4173080.0,1,Basic_Astronomy,0.0,1
1628,4173080.0,2,English_Beginner,0.0,1
1629,4173080.0,3,English_Elementary,0.0,1
1630,4173080.0,4,Geometric_Reasoning_Part_I,0.0,1
1631,4173080.0,5,Geometric_Reasoning_Part_II,0.0,1
1632,4173080.0,6,Linear_Equations,0.0,1
1635,4173080.0,9,Sound,0.0,1
1636,4173080.0,10,Understanding_Motion,0.0,1
1637,4183016.0,0,Atomic_Structure,0.0,1
1638,4183016.0,1,Basic_Astronomy,0.0,1
1639,4183016.0,2,English_Beginner,0.0,1
1640,4183016.0,3,English_Elementary,0.0,1
1641,4183016.0,4,Geometric_Reasoning_Part_I,0.0,1
1642,4183016.0,5,Geometric_Reasoning_Part_II,0.0,1
1643,4183016.0,6,Linear_Equations,0.0,1
1646,4183016.0,9,Sound,0.0,1
1647,4183016.0,10,Understanding_Motion,0.0,1
1648,4183023.0,0,Ecosystem,0.0,1
1649,4183023.0,1,Geometric_Reasoning_Part_I,0.0,1
1650,4183023.0,2,Geometric_Reasoning_Part_II,0.0,1
1651,4183023.0,3,Proportional_Reasoning,0.0,1
1652,4183023.0,4,Reflecting_on_Values,0.0,1
1653,4183032.0,0,Atomic_Structure,0.0,1
1654,4183032.0,1,Basic_Astronomy,0.0,1
1655,4183032.0,2,English_Beginner,0.0,1
1656,4183032.0,3,English_Elementary,0.0,1
1657,4183032.0,4,Geometric_Reasoning_Part_I,0.0,1
1658,4183032.0,5,Geometric_Reasoning_Part_II,0.0,1
1659,4183032.0,6,Linear_Equations,0.0,1
1662,4183032.0,9,Sound,0.0,1
1663,4183032.0,10,Understanding_Motion,0.0,1
1664,4183052.0,0,Atomic_Structure,0.0,1
1665,4183052.0,1,Basic_Astronomy,0.0,1
1666,4183052.0,2,English_Beginner,0.0,1
1667,4183052.0,3,English_Elementary,0.0,1
1668,4183052.0,4,Geometric_Reasoning_Part_I,0.0,1
1669,4183052.0,5,Geometric_Reasoning_Part_II,0.0,1
1670,4183052.0,6,Linear_Equations,0.0,1
1673,4183052.0,9,Sound,0.0,1
1674,4183052.0,10,Understanding_Motion,0.0,1
1675,4183068.0,0,Geometric_Reasoning_Part_I,0.0,1
1676,4192099.0,0,Atomic_Structure,5.0,1
1677,4192099.0,1,Basic_Astronomy,0.0,1
1678,4192099.0,2,English_Beginner,15.0,1
1679,4192099.0,3,English_Elementary,15.0,1
1680,4192099.0,4,Geometric_Reasoning_Part_I,0.0,1
1681,4192099.0,5,Geometric_Reasoning_Part_II,0.0,1
1682,4192099.0,6,Health_and_Disease,5.0,1
1683,4192099.0,7,Linear_Equations,0.0,1
1686,4192099.0,10,Sound,5.0,1
1687,4192099.0,11,Understanding_Motion,5.0,1
1688,4202003.0,0,Atomic_Structure,15.0,1
1689,4202003.0,1,Basic_Astronomy,0.0,1
1690,4202003.0,2,English_Beginner,0.0,1
1691,4202003.0,3,English_Elementary,0.0,1
1692,4202003.0,4,Geometric_Reasoning_Part_I,0.0,1
1693,4202003.0,5,Geometric_Reasoning_Part_II,0.0,1
1694,4202003.0,6,Linear_Equations,0.0,1
1697,4202003.0,9,Sound,15.0,1
1698,4202003.0,10,Understanding_Motion,15.0,1
1699,4202004.0,0,Atomic_Structure,22.0,1
1700,4202004.0,1,Basic_Astronomy,22.0,1
1701,4202004.0,2,Ecosystem,2.0,1
1702,4202004.0,3,English_Beginner,23.0,1
1703,4202004.0,4,English_Elementary,23.0,1
1704,4202004.0,5,Geometric_Reasoning_Part_I,22.0,1
1705,4202004.0,6,Geometric_Reasoning_Part_II,22.0,1
1706,4202004.0,7,Health_and_Disease,2.0,1
1707,4202004.0,8,Linear_Equations,22.0,1
1710,4202004.0,11,Proportional_Reasoning,2.0,1
1711,4202004.0,12,Reflecting_on_Values,0.0,1
1712,4202004.0,13,Sound,22.0,1
1713,4202004.0,14,Understanding_Motion,23.0,1
1714,4202010.0,0,Atomic_Structure,11.0,1
1715,4202010.0,1,Basic_Astronomy,15.0,1
1716,4202010.0,2,Ecosystem,15.0,1
1717,4202010.0,3,English_Beginner,16.0,1
1718,4202010.0,4,English_Elementary,15.0,1
1719,4202010.0,5,Geometric_Reasoning_Part_I,0.0,1
1720,4202010.0,6,Health_and_Disease,12.0,1
1721,4202010.0,7,Linear_Equations,11.0,1
1724,4202010.0,10,Proportional_Reasoning,15.0,1
1725,4202010.0,11,Reflecting_on_Values,1.0,1
1726,4202010.0,12,Sound,15.0,1
1727,4202010.0,13,Understanding_Motion,11.0,1
1728,4202032.0,0,Atomic_Structure,0.0,1
1729,4202032.0,1,Basic_Astronomy,8.0,1
1730,4202032.0,2,Ecosystem,0.0,1
1731,4202032.0,3,English_Beginner,8.0,1
1732,4202032.0,4,English_Elementary,7.0,1
1733,4202032.0,5,Geometric_Reasoning_Part_I,8.0,1
1734,4202032.0,6,Geometric_Reasoning_Part_II,7.0,1
1735,4202032.0,7,Health_and_Disease,0.0,1
1736,4202032.0,8,Linear_Equations,8.0,1
1739,4202032.0,11,Proportional_Reasoning,0.0,1
1740,4202032.0,12,Sound,7.0,1
1741,4202032.0,13,Understanding_Motion,8.0,1
1742,4202034.0,0,Atomic_Structure,24.0,1
1743,4202034.0,1,Basic_Astronomy,24.0,1
1744,4202034.0,2,Ecosystem,17.0,1
1745,4202034.0,3,English_Beginner,25.0,1
1746,4202034.0,4,English_Elementary,25.0,1
1747,4202034.0,5,Geometric_Reasoning_Part_I,24.0,1
1748,4202034.0,6,Geometric_Reasoning_Part_II,24.0,1
1749,4202034.0,7,Health_and_Disease,17.0,1
1750,4202034.0,8,Linear_Equations,24.0,1
1753,4202034.0,11,Proportional_Reasoning,18.0,1
1754,4202034.0,12,Reflecting_on_Values,17.0,1
1755,4202034.0,13,Sound,24.0,1
1756,4202034.0,14,Understanding_Motion,25.0,1
1757,4202059.0,0,Atomic_Structure,1.0,1
1758,4202059.0,1,Basic_Astronomy,23.0,1
1759,4202059.0,2,Ecosystem,0.0,1
1760,4202059.0,3,English_Beginner,7.0,1
1761,4202059.0,4,English_Elementary,23.0,1
1762,4202059.0,5,Geometric_Reasoning_Part_I,0.0,1
1763,4202059.0,6,Geometric_Reasoning_Part_II,0.0,1
1764,4202059.0,7,Health_and_Disease,0.0,1
1765,4202059.0,8,Linear_Equations,0.0,1
1768,4202059.0,11,Proportional_Reasoning,5.0,1
1769,4202059.0,12,Reflecting_on_Values,0.0,1
1770,4202059.0,13,Sound,23.0,1
1771,4202059.0,14,Understanding_Motion,1.0,1
1772,4202074.0,0,Atomic_Structure,16.0,1
1773,4202074.0,1,Basic_Astronomy,0.0,1
1774,4202074.0,2,English_Beginner,16.0,1
1775,4202074.0,3,English_Elementary,0.0,1
1776,4202074.0,4,Geometric_Reasoning_Part_I,16.0,1
1777,4202074.0,5,Geometric_Reasoning_Part_II,0.0,1
1778,4202074.0,6,Linear_Equations,0.0,1
1781,4202074.0,9,Sound,16.0,1
1782,4202074.0,10,Understanding_Motion,15.0,1
1783,4202083.0,0,Atomic_Structure,24.0,1
1784,4202083.0,1,Basic_Astronomy,22.0,1
1785,4202083.0,2,Ecosystem,24.0,1
1786,4202083.0,3,English_Beginner,24.0,1
1787,4202083.0,4,English_Elementary,24.0,1
1788,4202083.0,5,Geometric_Reasoning_Part_I,24.0,1
1789,4202083.0,6,Geometric_Reasoning_Part_II,11.0,1
1790,4202083.0,7,Health_and_Disease,11.0,1
1791,4202083.0,8,Linear_Equations,7.0,1
1794,4202083.0,11,Proportional_Reasoning,23.0,1
1795,4202083.0,12,Reflecting_on_Values,17.0,1
1796,4202083.0,13,Sound,9.0,1
1797,4202083.0,14,Understanding_Motion,24.0,1
1798,4213045.0,0,Atomic_Structure,19.0,1
1799,4213045.0,1,Basic_Astronomy,0.0,1
1800,4213045.0,2,Ecosystem,0.0,1
1801,4213045.0,3,English_Beginner,19.0,1
1802,4213045.0,4,English_Elementary,19.0,1
1803,4213045.0,5,Geometric_Reasoning_Part_I,19.0,1
1804,4213045.0,6,Geometric_Reasoning_Part_II,0.0,1
1805,4213045.0,7,Health_and_Disease,0.0,1
1806,4213045.0,8,Linear_Equations,0.0,1
1809,4213045.0,11,Sound,19.0,1
1810,4213045.0,12,Understanding_Motion,19.0,1
1811,4221018.0,0,Atomic_Structure,8.0,1
1812,4221018.0,1,Basic_Astronomy,0.0,1
1813,4221018.0,2,English_Beginner,8.0,1
1814,4221018.0,3,English_Elementary,8.0,1
1815,4221018.0,4,Geometric_Reasoning_Part_I,0.0,1
1816,4221018.0,5,Geometric_Reasoning_Part_II,0.0,1
1817,4221018.0,6,Linear_Equations,0.0,1
1820,4221018.0,9,Sound,8.0,1
1821,4221018.0,10,Understanding_Motion,8.0,1
1822,4221026.0,0,Atomic_Structure,6.0,1
1823,4221026.0,1,Basic_Astronomy,6.0,1
1824,4221026.0,2,Ecosystem,0.0,1
1825,4221026.0,3,English_Beginner,6.0,1
1826,4221026.0,4,English_Elementary,6.0,1
1827,4221026.0,5,Geometric_Reasoning_Part_I,6.0,1
1828,4221026.0,6,Geometric_Reasoning_Part_II,0.0,1
1829,4221026.0,7,Health_and_Disease,0.0,1
1830,4221026.0,8,Linear_Equations,6.0,1
1833,4221026.0,11,Proportional_Reasoning,0.0,1
1834,4221026.0,12,Reflecting_on_Values,0.0,1
1835,4221026.0,13,Sound,13.0,1
1836,4221026.0,14,Understanding_Motion,0.0,1
1837,4221034.0,0,Atomic_Structure,0.0,1
1838,4221034.0,1,Basic_Astronomy,0.0,1
1839,4221034.0,2,English_Beginner,0.0,1
1840,4221034.0,3,English_Elementary,0.0,1
1841,4221034.0,4,Geometric_Reasoning_Part_I,0.0,1
1842,4221034.0,5,Geometric_Reasoning_Part_II,0.0,1
1843,4221034.0,6,Linear_Equations,0.0,1
1846,4221034.0,9,Sound,0.0,1
1847,4221034.0,10,Understanding_Motion,0.0,1
1848,4221040.0,0,Atomic_Structure,21.0,1
1849,4221040.0,1,Basic_Astronomy,17.0,1
1850,4221040.0,2,Ecosystem,0.0,1
1851,4221040.0,3,English_Beginner,19.0,1
1852,4221040.0,4,English_Elementary,18.0,1
1853,4221040.0,5,Geometric_Reasoning_Part_I,17.0,1
1854,4221040.0,6,Geometric_Reasoning_Part_II,0.0,1
1855,4221040.0,7,Health_and_Disease,1.0,1
1856,4221040.0,8,Linear_Equations,18.0,1
1859,4221040.0,11,Proportional_Reasoning,4.0,1
1860,4221040.0,12,Reflecting_on_Values,0.0,1
1861,4221040.0,13,Sound,19.0,1
1862,4221040.0,14,Understanding_Motion,5.0,1
1863,4221067.0,0,Atomic_Structure,21.0,1
1864,4221067.0,1,Basic_Astronomy,1.0,1
1865,4221067.0,2,Ecosystem,0.0,1
1866,4221067.0,3,English_Beginner,21.0,1
1867,4221067.0,4,English_Elementary,21.0,1
1868,4221067.0,5,Geometric_Reasoning_Part_I,1.0,1
1869,4221067.0,6,Geometric_Reasoning_Part_II,1.0,1
1870,4221067.0,7,Health_and_Disease,0.0,1
1871,4221067.0,8,Linear_Equations,1.0,1
1874,4221067.0,11,Proportional_Reasoning,20.0,1
1875,4221067.0,12,Reflecting_on_Values,0.0,1
1876,4221067.0,13,Sound,1.0,1
1877,4221067.0,14,Understanding_Motion,1.0,1
1878,4221068.0,0,Atomic_Structure,0.0,1
1879,4221068.0,1,Basic_Astronomy,0.0,1
1880,4221068.0,2,English_Beginner,0.0,1
1881,4221068.0,3,English_Elementary,0.0,1
1882,4221068.0,4,Geometric_Reasoning_Part_I,0.0,1
1883,4221068.0,5,Geometric_Reasoning_Part_II,0.0,1
1884,4221068.0,6,Linear_Equations,0.0,1
1887,4221068.0,9,Sound,0.0,1
1888,4221068.0,10,Understanding_Motion,0.0,1
1889,4221074.0,0,Atomic_Structure,20.0,1
1890,4221074.0,1,Basic_Astronomy,20.0,1
1891,4221074.0,2,Ecosystem,0.0,1
1892,4221074.0,3,English_Beginner,20.0,1
1893,4221074.0,4,English_Elementary,20.0,1
1894,4221074.0,5,Geometric_Reasoning_Part_I,20.0,1
1895,4221074.0,6,Geometric_Reasoning_Part_II,20.0,1
1896,4221074.0,7,Health_and_Disease,0.0,1
1897,4221074.0,8,Linear_Equations,20.0,1
1900,4221074.0,11,Proportional_Reasoning,0.0,1
1901,4221074.0,12,Reflecting_on_Values,0.0,1
1902,4221074.0,13,Sound,20.0,1
1903,4221074.0,14,Understanding_Motion,20.0,1
1904,4221094.0,0,Atomic_Structure,0.0,1
1905,4221094.0,1,Basic_Astronomy,0.0,1
1906,4221094.0,2,English_Beginner,0.0,1
1907,4221094.0,3,English_Elementary,0.0,1
1908,4221094.0,4,Geometric_Reasoning_Part_I,0.0,1
1909,4221094.0,5,Geometric_Reasoning_Part_II,0.0,1
1910,4221094.0,6,Linear_Equations,0.0,1
1913,4221094.0,9,Sound,0.0,1
1914,4221094.0,10,Understanding_Motion,0.0,1
1915,4221095.0,0,Atomic_Structure,0.0,1
1916,4221095.0,1,Basic_Astronomy,0.0,1
1917,4221095.0,2,English_Beginner,0.0,1
1918,4221095.0,3,English_Elementary,0.0,1
1919,4221095.0,4,Geometric_Reasoning_Part_I,0.0,1
1920,4221095.0,5,Geometric_Reasoning_Part_II,0.0,1
1921,4221095.0,6,Linear_Equations,0.0,1
1924,4221095.0,9,Sound,0.0,1
1925,4221095.0,10,Understanding_Motion,0.0,1
1926,4231023.0,0,Atomic_Structure,1.0,1
1927,4231023.0,1,Basic_Astronomy,0.0,1
1928,4231023.0,2,Ecosystem,3.0,1
1929,4231023.0,3,English_Beginner,8.0,1
1930,4231023.0,4,English_Elementary,8.0,1
1931,4231023.0,5,Geometric_Reasoning_Part_I,0.0,1
1932,4231023.0,6,Geometric_Reasoning_Part_II,0.0,1
1933,4231023.0,7,Health_and_Disease,0.0,1
1936,4231023.0,10,Proportional_Reasoning,2.0,1
1937,4231023.0,11,Reflecting_on_Values,2.0,1
1938,4231023.0,12,Sound,7.0,1
1939,4231023.0,13,Understanding_Motion,7.0,1
1940,4231027.0,0,Atomic_Structure,0.0,1
1941,4231027.0,1,Basic_Astronomy,0.0,1
1942,4231027.0,2,English_Beginner,0.0,1
1943,4231027.0,3,English_Elementary,0.0,1
1944,4231027.0,4,Geometric_Reasoning_Part_I,0.0,1
1945,4231027.0,5,Geometric_Reasoning_Part_II,0.0,1
1946,4231027.0,6,Linear_Equations,0.0,1
1949,4231027.0,9,Sound,0.0,1
1950,4231027.0,10,Understanding_Motion,0.0,1
1951,4231029.0,0,Atomic_Structure,8.0,1
1952,4231029.0,1,Basic_Astronomy,24.0,1
1953,4231029.0,2,Ecosystem,2.0,1
1954,4231029.0,3,English_Beginner,25.0,1
1955,4231029.0,4,English_Elementary,24.0,1
1956,4231029.0,5,Geometric_Reasoning_Part_I,25.0,1
1957,4231029.0,6,Geometric_Reasoning_Part_II,24.0,1
1958,4231029.0,7,Health_and_Disease,16.0,1
1959,4231029.0,8,Linear_Equations,0.0,1
1962,4231029.0,11,Proportional_Reasoning,17.0,1
1963,4231029.0,12,Reflecting_on_Values,0.0,1
1964,4231029.0,13,Sound,26.0,1
1965,4231029.0,14,Understanding_Motion,25.0,1
1966,4231036.0,0,Atomic_Structure,22.0,1
1967,4231036.0,1,Basic_Astronomy,20.0,1
1968,4231036.0,2,Ecosystem,22.0,1
1969,4231036.0,3,English_Beginner,23.0,1
1970,4231036.0,4,English_Elementary,23.0,1
1971,4231036.0,5,Geometric_Reasoning_Part_I,23.0,1
1972,4231036.0,6,Geometric_Reasoning_Part_II,22.0,1
1973,4231036.0,7,Health_and_Disease,22.0,1
1974,4231036.0,8,Linear_Equations,22.0,1
1976,4231036.0,10,Proportional_Reasoning,23.0,1
1977,4231036.0,11,Reflecting_on_Values,23.0,1
1978,4231036.0,12,Sound,22.0,1
1979,4231036.0,13,Understanding_Motion,22.0,1
1980,4231043.0,0,Atomic_Structure,7.0,1
1981,4231043.0,1,Basic_Astronomy,7.0,1
1982,4231043.0,2,Ecosystem,0.0,1
1983,4231043.0,3,English_Beginner,0.0,1
1984,4231043.0,4,English_Elementary,0.0,1
1985,4231043.0,5,Geometric_Reasoning_Part_I,7.0,1
1986,4231043.0,6,Geometric_Reasoning_Part_II,0.0,1
1987,4231043.0,7,Health_and_Disease,0.0,1
1988,4231043.0,8,Linear_Equations,0.0,1
1990,4231043.0,10,Proportional_Reasoning,0.0,1
1991,4231043.0,11,Reflecting_on_Values,0.0,1
1992,4231043.0,12,Sound,0.0,1
1993,4231046.0,0,Atomic_Structure,13.0,1
1994,4231046.0,1,Basic_Astronomy,0.0,1
1995,4231046.0,2,Ecosystem,12.0,1
1996,4231046.0,3,English_Beginner,16.0,1
1997,4231046.0,4,English_Elementary,16.0,1
1998,4231046.0,5,Geometric_Reasoning_Part_I,0.0,1
1999,4231046.0,6,Geometric_Reasoning_Part_II,16.0,1
2000,4231046.0,7,Health_and_Disease,0.0,1
2001,4231046.0,8,Linear_Equations,16.0,1
2004,4231046.0,11,Proportional_Reasoning,0.0,1
2005,4231046.0,12,Reflecting_on_Values,0.0,1
2006,4231046.0,13,Sound,16.0,1
2007,4231046.0,14,Understanding_Motion,17.0,1
2008,4231047.0,0,Atomic_Structure,0.0,1
2009,4231047.0,1,Basic_Astronomy,0.0,1
2010,4231047.0,2,English_Beginner,0.0,1
2011,4231047.0,3,English_Elementary,0.0,1
2012,4231047.0,4,Geometric_Reasoning_Part_I,0.0,1
2013,4231047.0,5,Geometric_Reasoning_Part_II,0.0,1
2014,4231047.0,6,Linear_Equations,0.0,1
2017,4231047.0,9,Sound,0.0,1
2018,4231047.0,10,Understanding_Motion,0.0,1
2019,4231050.0,0,Atomic_Structure,0.0,1
2020,4231050.0,1,Basic_Astronomy,0.0,1
2021,4231050.0,2,English_Beginner,0.0,1
2022,4231050.0,3,English_Elementary,0.0,1
2023,4231050.0,4,Geometric_Reasoning_Part_I,0.0,1
2024,4231050.0,5,Geometric_Reasoning_Part_II,0.0,1
2025,4231050.0,6,Linear_Equations,0.0,1
2028,4231050.0,9,Sound,0.0,1
2029,4231050.0,10,Understanding_Motion,0.0,1
2030,4231051.0,0,Atomic_Structure,4.0,1
2031,4231051.0,1,Basic_Astronomy,0.0,1
2032,4231051.0,2,Ecosystem,0.0,1
2033,4231051.0,3,English_Beginner,4.0,1
2034,4231051.0,4,English_Elementary,4.0,1
2035,4231051.0,5,Geometric_Reasoning_Part_I,0.0,1
2036,4231051.0,6,Geometric_Reasoning_Part_II,0.0,1
2037,4231051.0,7,Linear_Equations,0.0,1
2040,4231051.0,10,Proportional_Reasoning,0.0,1
2041,4231051.0,11,Reflecting_on_Values,0.0,1
2042,4231051.0,12,Sound,0.0,1
2043,4231051.0,13,Understanding_Motion,0.0,1
2044,4231057.0,0,Atomic_Structure,0.0,1
2045,4231057.0,1,Basic_Astronomy,0.0,1
2046,4231057.0,2,English_Beginner,0.0,1
2047,4231057.0,3,English_Elementary,0.0,1
2048,4231057.0,4,Geometric_Reasoning_Part_I,0.0,1
2049,4231057.0,5,Geometric_Reasoning_Part_II,0.0,1
2050,4231057.0,6,Linear_Equations,0.0,1
2053,4231057.0,9,Sound,0.0,1
2054,4231057.0,10,Understanding_Motion,0.0,1
2055,4231058.0,0,Atomic_Structure,0.0,1
2056,4231058.0,1,Basic_Astronomy,0.0,1
2057,4231058.0,2,English_Beginner,0.0,1
2058,4231058.0,3,English_Elementary,0.0,1
2059,4231058.0,4,Geometric_Reasoning_Part_I,0.0,1
2060,4231058.0,5,Geometric_Reasoning_Part_II,0.0,1
2061,4231058.0,6,Linear_Equations,0.0,1
2064,4231058.0,9,Sound,0.0,1
2065,4231058.0,10,Understanding_Motion,0.0,1
2066,4231078.0,0,Linear_Equations,0.0,1
2067,4231084.0,0,Atomic_Structure,24.0,1
2068,4231084.0,1,Basic_Astronomy,0.0,1
2069,4231084.0,2,Ecosystem,23.0,1
2070,4231084.0,3,English_Beginner,24.0,1
2071,4231084.0,4,English_Elementary,11.0,1
2072,4231084.0,5,Geometric_Reasoning_Part_I,24.0,1
2073,4231084.0,6,Geometric_Reasoning_Part_II,24.0,1
2074,4231084.0,7,Linear_Equations,24.0,1
2077,4231084.0,10,Sound,24.0,1
2078,4231084.0,11,Understanding_Motion,24.0,1
